,state_change_user_id,state_change_date,state,code,accountable_id,transaction_type_id,date,value,value_relation_id
0,1,2022-10-12 17:45:17.643384+00:00,1,Facturacion Arriendo Inmueble^2022-1-1_A6N-13N-62-O1^2015-01-01,A6N-13N-62-O1^2015-01-01,Facturacion Arriendo Inmueble,2022-01-01,1065000,
1,1,2022-10-12 17:45:17.729195+00:00,1,Facturacion Arriendo Inmueble^2022-2-1_A6N-13N-62-O1^2015-01-01,A6N-13N-62-O1^2015-01-01,Facturacion Arriendo Inmueble,2022-02-01,1065000,
2,1,2022-10-12 17:45:17.825537+00:00,1,Facturacion Arriendo Inmueble^2022-3-1_A6N-13N-62-O1^2015-01-01,A6N-13N-62-O1^2015-01-01,Facturacion Arriendo Inmueble,2022-03-01,1065000,
3,1,2022-10-12 17:45:17.923991+00:00,1,Facturacion Arriendo Inmueble^2022-4-1_A6N-13N-62-O1^2015-01-01,A6N-13N-62-O1^2015-01-01,Facturacion Arriendo Inmueble,2022-04-01,1065000,
4,1,2022-10-12 17:45:18.022076+00:00,1,Facturacion Arriendo Inmueble^2022-5-1_A6N-13N-62-O1^2015-01-01,A6N-13N-62-O1^2015-01-01,Facturacion Arriendo Inmueble,2022-05-01,1065000,
5,1,2022-10-12 17:45:18.098310+00:00,1,Facturacion Arriendo Inmueble^2022-6-1_A6N-13N-62-O1^2015-01-01,A6N-13N-62-O1^2015-01-01,Facturacion Arriendo Inmueble,2022-06-01,1065000,
6,1,2022-10-12 17:45:18.172036+00:00,1,Facturacion Arriendo Inmueble^2022-7-1_A6N-13N-62-O1^2015-01-01,A6N-13N-62-O1^2015-01-01,Facturacion Arriendo Inmueble,2022-07-01,1065000,
7,1,2022-10-12 17:45:18.275763+00:00,1,Facturacion Arriendo Inmueble^2022-8-1_A6N-13N-62-O1^2015-01-01,A6N-13N-62-O1^2015-01-01,Facturacion Arriendo Inmueble,2022-08-01,1065000,
8,1,2022-10-12 17:45:18.359154+00:00,1,Facturacion Arriendo Inmueble^2022-9-1_A6N-13N-62-O1^2015-01-01,A6N-13N-62-O1^2015-01-01,Facturacion Arriendo Inmueble,2022-09-01,1065000,
9,1,2022-10-12 17:45:18.431329+00:00,1,Facturacion Arriendo Inmueble^2022-10-1_A6N-13N-62-O1^2015-01-01,A6N-13N-62-O1^2015-01-01,Facturacion Arriendo Inmueble,2022-10-01,1065000,
10,1,2022-10-12 17:45:18.505234+00:00,1,Facturacion Arriendo Inmueble^2022-1-1_A6N-13N-62-S101^2021-04-01,A6N-13N-62-S101^2021-04-01,Facturacion Arriendo Inmueble,2022-01-01,1100000,
11,1,2022-10-12 17:45:18.577403+00:00,1,Facturacion Arriendo Inmueble^2022-2-1_A6N-13N-62-S101^2021-04-01,A6N-13N-62-S101^2021-04-01,Facturacion Arriendo Inmueble,2022-02-01,1100000,
12,1,2022-10-12 17:45:18.653412+00:00,1,Facturacion Arriendo Inmueble^2022-3-1_A6N-13N-62-S101^2021-04-01,A6N-13N-62-S101^2021-04-01,Facturacion Arriendo Inmueble,2022-03-01,1100000,
13,1,2022-10-12 17:45:18.750426+00:00,1,Facturacion Arriendo Inmueble^2022-4-1_A6N-13N-62-S101^2021-04-01,A6N-13N-62-S101^2021-04-01,Facturacion Arriendo Inmueble,2022-04-01,1190000,
14,1,2022-10-12 17:45:18.854699+00:00,1,Facturacion Arriendo Inmueble^2022-5-1_A6N-13N-62-S101^2021-04-01,A6N-13N-62-S101^2021-04-01,Facturacion Arriendo Inmueble,2022-05-01,1190000,
15,1,2022-10-12 17:45:18.930697+00:00,1,Facturacion Arriendo Inmueble^2022-6-1_A6N-13N-62-S101^2021-04-01,A6N-13N-62-S101^2021-04-01,Facturacion Arriendo Inmueble,2022-06-01,1190000,
16,1,2022-10-12 17:45:19.031119+00:00,1,Facturacion Arriendo Inmueble^2022-7-1_A6N-13N-62-S101^2021-04-01,A6N-13N-62-S101^2021-04-01,Facturacion Arriendo Inmueble,2022-07-01,1190000,
17,1,2022-10-12 17:45:19.106687+00:00,1,Facturacion Arriendo Inmueble^2022-8-1_A6N-13N-62-S101^2021-04-01,A6N-13N-62-S101^2021-04-01,Facturacion Arriendo Inmueble,2022-08-01,1190000,
18,1,2022-10-12 17:45:19.203284+00:00,1,Facturacion Arriendo Inmueble^2022-9-1_A6N-13N-62-S101^2021-04-01,A6N-13N-62-S101^2021-04-01,Facturacion Arriendo Inmueble,2022-09-01,1190000,
19,1,2022-10-12 17:45:19.286414+00:00,1,Facturacion Arriendo Inmueble^2022-10-1_A6N-13N-62-S101^2021-04-01,A6N-13N-62-S101^2021-04-01,Facturacion Arriendo Inmueble,2022-10-01,1190000,
20,1,2022-10-12 17:45:19.366001+00:00,1,Facturacion Arriendo Inmueble^2022-1-1_A6N-13N-62-S102^2021-10-01,A6N-13N-62-S102^2021-10-01,Facturacion Arriendo Inmueble,2022-01-01,940000,
21,1,2022-10-12 17:45:19.462747+00:00,1,Facturacion Arriendo Inmueble^2022-2-1_A6N-13N-62-S102^2021-10-01,A6N-13N-62-S102^2021-10-01,Facturacion Arriendo Inmueble,2022-02-01,940000,
22,1,2022-10-12 17:45:19.536524+00:00,1,Facturacion Arriendo Inmueble^2022-3-1_A6N-13N-62-S102^2021-10-01,A6N-13N-62-S102^2021-10-01,Facturacion Arriendo Inmueble,2022-03-01,940000,
23,1,2022-10-12 17:45:19.631579+00:00,1,Facturacion Arriendo Inmueble^2022-4-1_A6N-13N-62-S102^2021-10-01,A6N-13N-62-S102^2021-10-01,Facturacion Arriendo Inmueble,2022-04-01,940000,
24,1,2022-10-12 17:45:19.721506+00:00,1,Facturacion Arriendo Inmueble^2022-5-1_A6N-13N-62-S102^2021-10-01,A6N-13N-62-S102^2021-10-01,Facturacion Arriendo Inmueble,2022-05-01,940000,
25,1,2022-10-12 17:45:19.794833+00:00,1,Facturacion Arriendo Inmueble^2022-6-1_A6N-13N-62-S102^2021-10-01,A6N-13N-62-S102^2021-10-01,Facturacion Arriendo Inmueble,2022-06-01,940000,
26,1,2022-10-12 17:45:19.893946+00:00,1,Facturacion Arriendo Inmueble^2022-7-1_A6N-13N-62-S102^2021-10-01,A6N-13N-62-S102^2021-10-01,Facturacion Arriendo Inmueble,2022-07-01,940000,
27,1,2022-10-12 17:45:19.976931+00:00,1,Facturacion Arriendo Inmueble^2022-8-1_A6N-13N-62-S102^2021-10-01,A6N-13N-62-S102^2021-10-01,Facturacion Arriendo Inmueble,2022-08-01,940000,
28,1,2022-10-12 17:45:20.088742+00:00,1,Facturacion Arriendo Inmueble^2022-9-1_A6N-13N-62-S102^2021-10-01,A6N-13N-62-S102^2021-10-01,Facturacion Arriendo Inmueble,2022-09-01,940000,
29,1,2022-10-12 17:45:20.180183+00:00,1,Facturacion Arriendo Inmueble^2022-10-1_A6N-13N-62-S102^2021-10-01,A6N-13N-62-S102^2021-10-01,Facturacion Arriendo Inmueble,2022-10-01,993000,
30,1,2022-10-12 17:45:20.254051+00:00,1,Facturacion Arriendo Inmueble^2022-1-1_A6N-13N-62-S103^2020-06-01,A6N-13N-62-S103^2020-06-01,Facturacion Arriendo Inmueble,2022-01-01,790000,
31,1,2022-10-12 17:45:20.354541+00:00,1,Facturacion Arriendo Inmueble^2022-2-1_A6N-13N-62-S103^2020-06-01,A6N-13N-62-S103^2020-06-01,Facturacion Arriendo Inmueble,2022-02-01,790000,
32,1,2022-10-12 17:45:20.438886+00:00,1,Facturacion Arriendo Inmueble^2022-3-1_A6N-13N-62-S103^2020-06-01,A6N-13N-62-S103^2020-06-01,Facturacion Arriendo Inmueble,2022-03-01,790000,
33,1,2022-10-12 17:45:20.529123+00:00,1,Facturacion Arriendo Inmueble^2022-4-1_A6N-13N-62-S103^2020-06-01,A6N-13N-62-S103^2020-06-01,Facturacion Arriendo Inmueble,2022-04-01,763667,
34,1,2022-10-12 17:45:20.605032+00:00,1,Facturacion Arriendo Inmueble^2022-5-1_A6N-13N-62-S103^2022-05-01,A6N-13N-62-S103^2022-05-01,Facturacion Arriendo Inmueble,2022-05-01,840000,
35,1,2022-10-12 17:45:20.714240+00:00,1,Facturacion Arriendo Inmueble^2022-6-1_A6N-13N-62-S103^2022-05-01,A6N-13N-62-S103^2022-05-01,Facturacion Arriendo Inmueble,2022-06-01,840000,
36,1,2022-10-12 17:45:20.802894+00:00,1,Facturacion Arriendo Inmueble^2022-7-1_A6N-13N-62-S103^2022-05-01,A6N-13N-62-S103^2022-05-01,Facturacion Arriendo Inmueble,2022-07-01,840000,
37,1,2022-10-12 17:45:20.908533+00:00,1,Facturacion Arriendo Inmueble^2022-8-1_A6N-13N-62-S103^2022-05-01,A6N-13N-62-S103^2022-05-01,Facturacion Arriendo Inmueble,2022-08-01,840000,
38,1,2022-10-12 17:45:21.005604+00:00,1,Facturacion Arriendo Inmueble^2022-9-1_A6N-13N-62-S103^2022-05-01,A6N-13N-62-S103^2022-05-01,Facturacion Arriendo Inmueble,2022-09-01,840000,
39,1,2022-10-12 17:45:21.102977+00:00,1,Facturacion Arriendo Inmueble^2022-10-1_A6N-13N-62-S103^2022-05-01,A6N-13N-62-S103^2022-05-01,Facturacion Arriendo Inmueble,2022-10-01,840000,
40,1,2022-10-12 17:45:21.203815+00:00,1,Facturacion Arriendo Inmueble^2022-1-1_A6N-13N-62-S104^2021-08-01,A6N-13N-62-S104^2021-08-01,Facturacion Arriendo Inmueble,2022-01-01,840000,
41,1,2022-10-12 17:45:21.276732+00:00,1,Facturacion Arriendo Inmueble^2022-2-1_A6N-13N-62-S104^2021-08-01,A6N-13N-62-S104^2021-08-01,Facturacion Arriendo Inmueble,2022-02-01,840000,
42,1,2022-10-12 17:45:21.365797+00:00,1,Facturacion Arriendo Inmueble^2022-3-1_A6N-13N-62-S104^2021-08-01,A6N-13N-62-S104^2021-08-01,Facturacion Arriendo Inmueble,2022-03-01,840000,
43,1,2022-10-12 17:45:21.476444+00:00,1,Facturacion Arriendo Inmueble^2022-4-1_A6N-13N-62-S104^2021-08-01,A6N-13N-62-S104^2021-08-01,Facturacion Arriendo Inmueble,2022-04-01,840000,
44,1,2022-10-12 17:45:21.549247+00:00,1,Facturacion Arriendo Inmueble^2022-5-1_A6N-13N-62-S104^2021-08-01,A6N-13N-62-S104^2021-08-01,Facturacion Arriendo Inmueble,2022-05-01,840000,
45,1,2022-10-12 17:45:21.636658+00:00,1,Facturacion Arriendo Inmueble^2022-6-1_A6N-13N-62-S104^2021-08-01,A6N-13N-62-S104^2021-08-01,Facturacion Arriendo Inmueble,2022-06-01,840000,
46,1,2022-10-12 17:45:21.737916+00:00,1,Facturacion Arriendo Inmueble^2022-7-1_A6N-13N-62-S104^2021-08-01,A6N-13N-62-S104^2021-08-01,Facturacion Arriendo Inmueble,2022-07-01,840000,
47,1,2022-10-12 17:45:21.813447+00:00,1,Facturacion Arriendo Inmueble^2022-8-1_A6N-13N-62-S104^2021-08-01,A6N-13N-62-S104^2021-08-01,Facturacion Arriendo Inmueble,2022-08-01,890000,
48,1,2022-10-12 17:45:21.889065+00:00,1,Facturacion Arriendo Inmueble^2022-9-1_A6N-13N-62-S104^2021-08-01,A6N-13N-62-S104^2021-08-01,Facturacion Arriendo Inmueble,2022-09-01,890000,
49,1,2022-10-12 17:45:21.988126+00:00,1,Facturacion Arriendo Inmueble^2022-10-1_A6N-13N-62-S104^2021-08-01,A6N-13N-62-S104^2021-08-01,Facturacion Arriendo Inmueble,2022-10-01,890000,
50,1,2022-10-12 17:45:22.065711+00:00,1,Facturacion Arriendo Inmueble^2022-1-1_A6N-13N-62-S105^2021-09-01,A6N-13N-62-S105^2021-09-01,Facturacion Arriendo Inmueble,2022-01-01,850000,
51,1,2022-10-12 17:45:22.140295+00:00,1,Facturacion Arriendo Inmueble^2022-2-1_A6N-13N-62-S105^2021-09-01,A6N-13N-62-S105^2021-09-01,Facturacion Arriendo Inmueble,2022-02-01,850000,
52,1,2022-10-12 17:45:22.238631+00:00,1,Facturacion Arriendo Inmueble^2022-3-1_A6N-13N-62-S105^2021-09-01,A6N-13N-62-S105^2021-09-01,Facturacion Arriendo Inmueble,2022-03-01,850000,
53,1,2022-10-12 17:45:22.317682+00:00,1,Facturacion Arriendo Inmueble^2022-4-1_A6N-13N-62-S105^2021-09-01,A6N-13N-62-S105^2021-09-01,Facturacion Arriendo Inmueble,2022-04-01,850000,
54,1,2022-10-12 17:45:22.380249+00:00,1,Facturacion Arriendo Inmueble^2022-5-1_A6N-13N-62-S105^2021-09-01,A6N-13N-62-S105^2021-09-01,Facturacion Arriendo Inmueble,2022-05-01,850000,
55,1,2022-10-12 17:45:22.442110+00:00,1,Facturacion Arriendo Inmueble^2022-6-1_A6N-13N-62-S105^2021-09-01,A6N-13N-62-S105^2021-09-01,Facturacion Arriendo Inmueble,2022-06-01,850000,
56,1,2022-10-12 17:45:22.512588+00:00,1,Facturacion Arriendo Inmueble^2022-7-1_A6N-13N-62-S105^2021-09-01,A6N-13N-62-S105^2021-09-01,Facturacion Arriendo Inmueble,2022-07-01,850000,
57,1,2022-10-12 17:45:22.588186+00:00,1,Facturacion Arriendo Inmueble^2022-8-1_A6N-13N-62-S105^2021-09-01,A6N-13N-62-S105^2021-09-01,Facturacion Arriendo Inmueble,2022-08-01,850000,
58,1,2022-10-12 17:45:22.687626+00:00,1,Facturacion Arriendo Inmueble^2022-9-1_A6N-13N-62-S105^2021-09-01,A6N-13N-62-S105^2021-09-01,Facturacion Arriendo Inmueble,2022-09-01,890000,
59,1,2022-10-12 17:45:22.785335+00:00,1,Facturacion Arriendo Inmueble^2022-10-1_A6N-13N-62-S105^2021-09-01,A6N-13N-62-S105^2021-09-01,Facturacion Arriendo Inmueble,2022-10-01,890000,
60,1,2022-10-12 17:45:22.860581+00:00,1,Facturacion Arriendo Inmueble^2022-1-1_A6N-13N-62-S108^2016-12-01,A6N-13N-62-S108^2016-12-01,Facturacion Arriendo Inmueble,2022-01-01,638000,
61,1,2022-10-12 17:45:22.933029+00:00,1,Facturacion Arriendo Inmueble^2022-2-1_A6N-13N-62-S108^2016-12-01,A6N-13N-62-S108^2016-12-01,Facturacion Arriendo Inmueble,2022-02-01,638000,
62,1,2022-10-12 17:45:23.006361+00:00,1,Facturacion Arriendo Inmueble^2022-3-1_A6N-13N-62-S108^2016-12-01,A6N-13N-62-S108^2016-12-01,Facturacion Arriendo Inmueble,2022-03-01,638000,
63,1,2022-10-12 17:45:23.086229+00:00,1,Facturacion Arriendo Inmueble^2022-4-1_A6N-13N-62-S108^2016-12-01,A6N-13N-62-S108^2016-12-01,Facturacion Arriendo Inmueble,2022-04-01,638000,
64,1,2022-10-12 17:45:23.166420+00:00,1,Facturacion Arriendo Inmueble^2022-5-1_A6N-13N-62-S108^2016-12-01,A6N-13N-62-S108^2016-12-01,Facturacion Arriendo Inmueble,2022-05-01,638000,
65,1,2022-10-12 17:45:23.259942+00:00,1,Facturacion Arriendo Inmueble^2022-6-1_A6N-13N-62-S108^2016-12-01,A6N-13N-62-S108^2016-12-01,Facturacion Arriendo Inmueble,2022-06-01,638000,
66,1,2022-10-12 17:45:23.370681+00:00,1,Facturacion Arriendo Inmueble^2022-7-1_A6N-13N-62-S108^2016-12-01,A6N-13N-62-S108^2016-12-01,Facturacion Arriendo Inmueble,2022-07-01,638000,
67,1,2022-10-12 17:45:23.471343+00:00,1,Facturacion Arriendo Inmueble^2022-8-1_A6N-13N-62-S108^2016-12-01,A6N-13N-62-S108^2016-12-01,Facturacion Arriendo Inmueble,2022-08-01,638000,
68,1,2022-10-12 17:45:23.564524+00:00,1,Facturacion Arriendo Inmueble^2022-9-1_A6N-13N-62-S108^2016-12-01,A6N-13N-62-S108^2016-12-01,Facturacion Arriendo Inmueble,2022-09-01,638000,
69,1,2022-10-12 17:45:23.665484+00:00,1,Facturacion Arriendo Inmueble^2022-10-1_A6N-13N-62-S108^2016-12-01,A6N-13N-62-S108^2016-12-01,Facturacion Arriendo Inmueble,2022-10-01,638000,
70,1,2022-10-12 17:45:23.738022+00:00,1,Facturacion Arriendo Inmueble^2022-1-1_A6N-13N-62-S109^2021-07-01,A6N-13N-62-S109^2021-07-01,Facturacion Arriendo Inmueble,2022-01-01,450000,
71,1,2022-10-12 17:45:23.815666+00:00,1,Facturacion Arriendo Inmueble^2022-2-1_A6N-13N-62-S109^2021-07-01,A6N-13N-62-S109^2021-07-01,Facturacion Arriendo Inmueble,2022-02-01,450000,
72,1,2022-10-12 17:45:23.917027+00:00,1,Facturacion Arriendo Inmueble^2022-3-1_A6N-13N-62-S109^2021-07-01,A6N-13N-62-S109^2021-07-01,Facturacion Arriendo Inmueble,2022-03-01,450000,
73,1,2022-10-12 17:45:24.019416+00:00,1,Facturacion Arriendo Inmueble^2022-4-1_A6N-13N-62-S109^2021-07-01,A6N-13N-62-S109^2021-07-01,Facturacion Arriendo Inmueble,2022-04-01,450000,
74,1,2022-10-12 17:45:24.124687+00:00,1,Facturacion Arriendo Inmueble^2022-5-1_A6N-13N-62-S109^2021-07-01,A6N-13N-62-S109^2021-07-01,Facturacion Arriendo Inmueble,2022-05-01,450000,
75,1,2022-10-12 17:45:24.212826+00:00,1,Facturacion Arriendo Inmueble^2022-6-1_A6N-13N-62-S109^2021-07-01,A6N-13N-62-S109^2021-07-01,Facturacion Arriendo Inmueble,2022-06-01,450000,
76,1,2022-10-12 17:45:24.291432+00:00,1,Facturacion Arriendo Inmueble^2022-7-1_A6N-13N-62-S109^2021-07-01,A6N-13N-62-S109^2021-07-01,Facturacion Arriendo Inmueble,2022-07-01,502000,
77,1,2022-10-12 17:45:24.363738+00:00,1,Facturacion Arriendo Inmueble^2022-8-1_A6N-13N-62-S109^2021-07-01,A6N-13N-62-S109^2021-07-01,Facturacion Arriendo Inmueble,2022-08-01,502000,
78,1,2022-10-12 17:45:24.440755+00:00,1,Facturacion Arriendo Inmueble^2022-9-1_A6N-13N-62-S109^2021-07-01,A6N-13N-62-S109^2021-07-01,Facturacion Arriendo Inmueble,2022-09-01,502000,
79,1,2022-10-12 17:45:24.513769+00:00,1,Facturacion Arriendo Inmueble^2022-10-1_A6N-13N-62-S109^2021-07-01,A6N-13N-62-S109^2021-07-01,Facturacion Arriendo Inmueble,2022-10-01,502000,
80,1,2022-10-12 17:45:24.593658+00:00,1,Facturacion Arriendo Inmueble^2022-1-1_A6N-13N-62-S110^2021-09-01,A6N-13N-62-S110^2021-09-01,Facturacion Arriendo Inmueble,2022-01-01,530000,
81,1,2022-10-12 17:45:24.667830+00:00,1,Facturacion Arriendo Inmueble^2022-2-1_A6N-13N-62-S110^2021-09-01,A6N-13N-62-S110^2021-09-01,Facturacion Arriendo Inmueble,2022-02-01,530000,
82,1,2022-10-12 17:45:24.741197+00:00,1,Facturacion Arriendo Inmueble^2022-3-1_A6N-13N-62-S110^2021-09-01,A6N-13N-62-S110^2021-09-01,Facturacion Arriendo Inmueble,2022-03-01,530000,
83,1,2022-10-12 17:45:24.821061+00:00,1,Facturacion Arriendo Inmueble^2022-4-1_A6N-13N-62-S110^2021-09-01,A6N-13N-62-S110^2021-09-01,Facturacion Arriendo Inmueble,2022-04-01,530000,
84,1,2022-10-12 17:45:24.918333+00:00,1,Facturacion Arriendo Inmueble^2022-5-1_A6N-13N-62-S110^2021-09-01,A6N-13N-62-S110^2021-09-01,Facturacion Arriendo Inmueble,2022-05-01,530000,
85,1,2022-10-12 17:45:24.989987+00:00,1,Facturacion Arriendo Inmueble^2022-6-1_A6N-13N-62-S110^2021-09-01,A6N-13N-62-S110^2021-09-01,Facturacion Arriendo Inmueble,2022-06-01,530000,
86,1,2022-10-12 17:45:25.062353+00:00,1,Facturacion Arriendo Inmueble^2022-7-1_A6N-13N-62-S110^2021-09-01,A6N-13N-62-S110^2021-09-01,Facturacion Arriendo Inmueble,2022-07-01,530000,
87,1,2022-10-12 17:45:25.141983+00:00,1,Facturacion Arriendo Inmueble^2022-8-1_A6N-13N-62-S110^2021-09-01,A6N-13N-62-S110^2021-09-01,Facturacion Arriendo Inmueble,2022-08-01,530000,
88,1,2022-10-12 17:45:25.214185+00:00,1,Facturacion Arriendo Inmueble^2022-9-1_A6N-13N-62-S110^2021-09-01,A6N-13N-62-S110^2021-09-01,Facturacion Arriendo Inmueble,2022-09-01,590000,
89,1,2022-10-12 17:45:25.313548+00:00,1,Facturacion Arriendo Inmueble^2022-10-1_A6N-13N-62-S110^2021-09-01,A6N-13N-62-S110^2021-09-01,Facturacion Arriendo Inmueble,2022-10-01,590000,
90,1,2022-10-12 17:45:25.387944+00:00,1,Facturacion Arriendo Inmueble^2022-1-1_A6N-13N-62-S111^2021-04-01,A6N-13N-62-S111^2021-04-01,Facturacion Arriendo Inmueble,2022-01-01,700000,
91,1,2022-10-12 17:45:25.461091+00:00,1,Facturacion Arriendo Inmueble^2022-2-1_A6N-13N-62-S111^2021-04-01,A6N-13N-62-S111^2021-04-01,Facturacion Arriendo Inmueble,2022-02-01,700000,
92,1,2022-10-12 17:45:25.546702+00:00,1,Facturacion Arriendo Inmueble^2022-3-1_A6N-13N-62-S111^2021-04-01,A6N-13N-62-S111^2021-04-01,Facturacion Arriendo Inmueble,2022-03-01,677419,
93,1,2022-10-12 17:45:25.626493+00:00,1,Facturacion Arriendo Inmueble^2022-6-25_A6N-13N-62-S111^2022-07-01,A6N-13N-62-S111^2022-07-01,Facturacion Arriendo Inmueble,2022-06-25,130000,
94,1,2022-10-12 17:45:25.706618+00:00,1,Facturacion Arriendo Inmueble^2022-7-1_A6N-13N-62-S111^2022-07-01,A6N-13N-62-S111^2022-07-01,Facturacion Arriendo Inmueble,2022-07-01,650000,
95,1,2022-10-12 17:45:25.786007+00:00,1,Facturacion Arriendo Inmueble^2022-8-1_A6N-13N-62-S111^2022-07-01,A6N-13N-62-S111^2022-07-01,Facturacion Arriendo Inmueble,2022-08-01,650000,
96,1,2022-10-12 17:45:25.898047+00:00,1,Facturacion Arriendo Inmueble^2022-9-1_A6N-13N-62-S111^2022-07-01,A6N-13N-62-S111^2022-07-01,Facturacion Arriendo Inmueble,2022-09-01,650000,
97,1,2022-10-12 17:45:25.993453+00:00,1,Facturacion Arriendo Inmueble^2022-10-1_A6N-13N-62-S111^2022-07-01,A6N-13N-62-S111^2022-07-01,Facturacion Arriendo Inmueble,2022-10-01,650000,
98,1,2022-10-12 17:45:26.076405+00:00,1,Facturacion Arriendo Inmueble^2022-1-1_A6N-13N-62-S112^2015-04-01,A6N-13N-62-S112^2015-04-01,Facturacion Arriendo Inmueble,2022-01-01,560000,
99,1,2022-10-12 17:45:26.171408+00:00,1,Facturacion Arriendo Inmueble^2022-2-1_A6N-13N-62-S112^2015-04-01,A6N-13N-62-S112^2015-04-01,Facturacion Arriendo Inmueble,2022-02-01,560000,
100,1,2022-10-12 17:45:26.245305+00:00,1,Facturacion Arriendo Inmueble^2022-3-1_A6N-13N-62-S112^2015-04-01,A6N-13N-62-S112^2015-04-01,Facturacion Arriendo Inmueble,2022-03-01,560000,
101,1,2022-10-12 17:45:26.351719+00:00,1,Facturacion Arriendo Inmueble^2022-4-1_A6N-13N-62-S112^2015-04-01,A6N-13N-62-S112^2015-04-01,Facturacion Arriendo Inmueble,2022-04-01,605000,
102,1,2022-10-12 17:45:26.452840+00:00,1,Facturacion Arriendo Inmueble^2022-5-1_A6N-13N-62-S112^2015-04-01,A6N-13N-62-S112^2015-04-01,Facturacion Arriendo Inmueble,2022-05-01,605000,
103,1,2022-10-12 17:45:26.543442+00:00,1,Facturacion Arriendo Inmueble^2022-6-1_A6N-13N-62-S112^2015-04-01,A6N-13N-62-S112^2015-04-01,Facturacion Arriendo Inmueble,2022-06-01,605000,
104,1,2022-10-12 17:45:26.635835+00:00,1,Facturacion Arriendo Inmueble^2022-7-1_A6N-13N-62-S112^2015-04-01,A6N-13N-62-S112^2015-04-01,Facturacion Arriendo Inmueble,2022-07-01,605000,
105,1,2022-10-12 17:45:26.706332+00:00,1,Facturacion Arriendo Inmueble^2022-8-1_A6N-13N-62-S112^2015-04-01,A6N-13N-62-S112^2015-04-01,Facturacion Arriendo Inmueble,2022-08-01,605000,
106,1,2022-10-12 17:45:26.774356+00:00,1,Facturacion Arriendo Inmueble^2022-9-1_A6N-13N-62-S112^2015-04-01,A6N-13N-62-S112^2015-04-01,Facturacion Arriendo Inmueble,2022-09-01,605000,
107,1,2022-10-12 17:45:26.826241+00:00,1,Facturacion Arriendo Inmueble^2022-10-1_A6N-13N-62-S112^2015-04-01,A6N-13N-62-S112^2015-04-01,Facturacion Arriendo Inmueble,2022-10-01,605000,
108,1,2022-10-12 17:45:26.865452+00:00,1,Facturacion Arriendo Inmueble^2022-1-1_A6N-13N-62-S114^2021-09-01,A6N-13N-62-S114^2021-09-01,Facturacion Arriendo Inmueble,2022-01-01,530000,
109,1,2022-10-12 17:45:26.941925+00:00,1,Facturacion Arriendo Inmueble^2022-2-1_A6N-13N-62-S114^2021-09-01,A6N-13N-62-S114^2021-09-01,Facturacion Arriendo Inmueble,2022-02-01,530000,
110,1,2022-10-12 17:45:27.016939+00:00,1,Facturacion Arriendo Inmueble^2022-3-1_A6N-13N-62-S114^2021-09-01,A6N-13N-62-S114^2021-09-01,Facturacion Arriendo Inmueble,2022-03-01,530000,
111,1,2022-10-12 17:45:27.094803+00:00,1,Facturacion Arriendo Inmueble^2022-4-1_A6N-13N-62-S114^2021-09-01,A6N-13N-62-S114^2021-09-01,Facturacion Arriendo Inmueble,2022-04-01,530000,
112,1,2022-10-12 17:45:27.171754+00:00,1,Facturacion Arriendo Inmueble^2022-5-1_A6N-13N-62-S114^2021-09-01,A6N-13N-62-S114^2021-09-01,Facturacion Arriendo Inmueble,2022-05-01,530000,
113,1,2022-10-12 17:45:27.243937+00:00,1,Facturacion Arriendo Inmueble^2022-6-1_A6N-13N-62-S114^2021-09-01,A6N-13N-62-S114^2021-09-01,Facturacion Arriendo Inmueble,2022-06-01,530000,
114,1,2022-10-12 17:45:27.320857+00:00,1,Facturacion Arriendo Inmueble^2022-7-1_A6N-13N-62-S114^2021-09-01,A6N-13N-62-S114^2021-09-01,Facturacion Arriendo Inmueble,2022-07-01,530000,
115,1,2022-10-12 17:45:27.424161+00:00,1,Facturacion Arriendo Inmueble^2022-8-1_A6N-13N-62-S114^2021-09-01,A6N-13N-62-S114^2021-09-01,Facturacion Arriendo Inmueble,2022-08-01,530000,
116,1,2022-10-12 17:45:27.503403+00:00,1,Facturacion Arriendo Inmueble^2022-9-1_A6N-13N-62-S114^2021-09-01,A6N-13N-62-S114^2021-09-01,Facturacion Arriendo Inmueble,2022-09-01,590000,
117,1,2022-10-12 17:45:27.575885+00:00,1,Facturacion Arriendo Inmueble^2022-10-1_A6N-13N-62-S114^2021-09-01,A6N-13N-62-S114^2021-09-01,Facturacion Arriendo Inmueble,2022-10-01,590000,
118,1,2022-10-12 17:45:27.649275+00:00,1,Facturacion Arriendo Inmueble^2022-1-1_A6N-13N-62-S201^2021-10-01,A6N-13N-62-S201^2021-10-01,Facturacion Arriendo Inmueble,2022-01-01,830000,
119,1,2022-10-12 17:45:27.725384+00:00,1,Facturacion Arriendo Inmueble^2022-2-1_A6N-13N-62-S201^2021-10-01,A6N-13N-62-S201^2021-10-01,Facturacion Arriendo Inmueble,2022-02-01,830000,
120,1,2022-10-12 17:45:27.796944+00:00,1,Facturacion Arriendo Inmueble^2022-3-1_A6N-13N-62-S201^2021-10-01,A6N-13N-62-S201^2021-10-01,Facturacion Arriendo Inmueble,2022-03-01,830000,
121,1,2022-10-12 17:45:27.877540+00:00,1,Facturacion Arriendo Inmueble^2022-4-1_A6N-13N-62-S201^2021-10-01,A6N-13N-62-S201^2021-10-01,Facturacion Arriendo Inmueble,2022-04-01,830000,
122,1,2022-10-12 17:45:27.972882+00:00,1,Facturacion Arriendo Inmueble^2022-5-1_A6N-13N-62-S201^2021-10-01,A6N-13N-62-S201^2021-10-01,Facturacion Arriendo Inmueble,2022-05-01,830000,
123,1,2022-10-12 17:45:28.066239+00:00,1,Facturacion Arriendo Inmueble^2022-6-1_A6N-13N-62-S201^2021-10-01,A6N-13N-62-S201^2021-10-01,Facturacion Arriendo Inmueble,2022-06-01,830000,
124,1,2022-10-12 17:45:28.161314+00:00,1,Facturacion Arriendo Inmueble^2022-7-1_A6N-13N-62-S201^2021-10-01,A6N-13N-62-S201^2021-10-01,Facturacion Arriendo Inmueble,2022-07-01,830000,
125,1,2022-10-12 17:45:28.232969+00:00,1,Facturacion Arriendo Inmueble^2022-8-1_A6N-13N-62-S201^2021-10-01,A6N-13N-62-S201^2021-10-01,Facturacion Arriendo Inmueble,2022-08-01,830000,
126,1,2022-10-12 17:45:28.312663+00:00,1,Facturacion Arriendo Inmueble^2022-9-1_A6N-13N-62-S201^2021-10-01,A6N-13N-62-S201^2021-10-01,Facturacion Arriendo Inmueble,2022-09-01,830000,
127,1,2022-10-12 17:45:28.390277+00:00,1,Facturacion Arriendo Inmueble^2022-1-1_A6N-13N-62-S202^2021-10-01,A6N-13N-62-S202^2021-10-01,Facturacion Arriendo Inmueble,2022-01-01,700000,
128,1,2022-10-12 17:45:28.473789+00:00,1,Facturacion Arriendo Inmueble^2022-2-1_A6N-13N-62-S202^2021-10-01,A6N-13N-62-S202^2021-10-01,Facturacion Arriendo Inmueble,2022-02-01,700000,
129,1,2022-10-12 17:45:28.573916+00:00,1,Facturacion Arriendo Inmueble^2022-3-1_A6N-13N-62-S202^2021-10-01,A6N-13N-62-S202^2021-10-01,Facturacion Arriendo Inmueble,2022-03-01,700000,
130,1,2022-10-12 17:45:28.646743+00:00,1,Facturacion Arriendo Inmueble^2022-4-1_A6N-13N-62-S202^2021-10-01,A6N-13N-62-S202^2021-10-01,Facturacion Arriendo Inmueble,2022-04-01,700000,
131,1,2022-10-12 17:45:28.719547+00:00,1,Facturacion Arriendo Inmueble^2022-5-1_A6N-13N-62-S202^2021-10-01,A6N-13N-62-S202^2021-10-01,Facturacion Arriendo Inmueble,2022-05-01,700000,
132,1,2022-10-12 17:45:28.794261+00:00,1,Facturacion Arriendo Inmueble^2022-6-1_A6N-13N-62-S202^2021-10-01,A6N-13N-62-S202^2021-10-01,Facturacion Arriendo Inmueble,2022-06-01,700000,
133,1,2022-10-12 17:45:28.883891+00:00,1,Facturacion Arriendo Inmueble^2022-7-1_A6N-13N-62-S202^2021-10-01,A6N-13N-62-S202^2021-10-01,Facturacion Arriendo Inmueble,2022-07-01,700000,
134,1,2022-10-12 17:45:28.977926+00:00,1,Facturacion Arriendo Inmueble^2022-8-1_A6N-13N-62-S202^2021-10-01,A6N-13N-62-S202^2021-10-01,Facturacion Arriendo Inmueble,2022-08-01,700000,
135,1,2022-10-12 17:45:29.075009+00:00,1,Facturacion Arriendo Inmueble^2022-9-1_A6N-13N-62-S202^2021-10-01,A6N-13N-62-S202^2021-10-01,Facturacion Arriendo Inmueble,2022-09-01,700000,
136,1,2022-10-12 17:45:29.154896+00:00,1,Facturacion Arriendo Inmueble^2022-1-1_A6N-13N-62-S203^2020-10-01,A6N-13N-62-S203^2020-10-01,Facturacion Arriendo Inmueble,2022-01-01,600000,
137,1,2022-10-12 17:45:29.255560+00:00,1,Facturacion Arriendo Inmueble^2022-4-1_A6N-13N-62-S203^2022-04-01,A6N-13N-62-S203^2022-04-01,Facturacion Arriendo Inmueble,2022-04-01,700000,
138,1,2022-10-12 17:45:29.359813+00:00,1,Facturacion Arriendo Inmueble^2022-5-1_A6N-13N-62-S203^2022-04-01,A6N-13N-62-S203^2022-04-01,Facturacion Arriendo Inmueble,2022-05-01,700000,
139,1,2022-10-12 17:45:29.459144+00:00,1,Facturacion Arriendo Inmueble^2022-6-1_A6N-13N-62-S203^2022-04-01,A6N-13N-62-S203^2022-04-01,Facturacion Arriendo Inmueble,2022-06-01,700000,
140,1,2022-10-12 17:45:29.555814+00:00,1,Facturacion Arriendo Inmueble^2022-7-1_A6N-13N-62-S203^2022-04-01,A6N-13N-62-S203^2022-04-01,Facturacion Arriendo Inmueble,2022-07-01,700000,
141,1,2022-10-12 17:45:29.636162+00:00,1,Facturacion Arriendo Inmueble^2022-8-1_A6N-13N-62-S203^2022-04-01,A6N-13N-62-S203^2022-04-01,Facturacion Arriendo Inmueble,2022-08-01,700000,
142,1,2022-10-12 17:45:29.711817+00:00,1,Facturacion Arriendo Inmueble^2022-9-1_A6N-13N-62-S203^2022-04-01,A6N-13N-62-S203^2022-04-01,Facturacion Arriendo Inmueble,2022-09-01,700000,
143,1,2022-10-12 17:45:29.827525+00:00,1,Facturacion Arriendo Inmueble^2022-10-1_A6N-13N-62-S203^2022-04-01,A6N-13N-62-S203^2022-04-01,Facturacion Arriendo Inmueble,2022-10-01,700000,
144,1,2022-10-12 17:45:29.945178+00:00,1,Facturacion Arriendo Inmueble^2022-1-1_A6N-13N-62-S204^2021-09-01,A6N-13N-62-S204^2021-09-01,Facturacion Arriendo Inmueble,2022-01-01,650000,
145,1,2022-10-12 17:45:30.047040+00:00,1,Facturacion Arriendo Inmueble^2022-2-1_A6N-13N-62-S204^2021-09-01,A6N-13N-62-S204^2021-09-01,Facturacion Arriendo Inmueble,2022-02-01,650000,
146,1,2022-10-12 17:45:30.133907+00:00,1,Facturacion Arriendo Inmueble^2022-3-1_A6N-13N-62-S204^2021-09-01,A6N-13N-62-S204^2021-09-01,Facturacion Arriendo Inmueble,2022-03-01,650000,
147,1,2022-10-12 17:45:30.206695+00:00,1,Facturacion Arriendo Inmueble^2022-4-1_A6N-13N-62-S204^2021-09-01,A6N-13N-62-S204^2021-09-01,Facturacion Arriendo Inmueble,2022-04-01,650000,
148,1,2022-10-12 17:45:30.281455+00:00,1,Facturacion Arriendo Inmueble^2022-5-1_A6N-13N-62-S204^2021-09-01,A6N-13N-62-S204^2021-09-01,Facturacion Arriendo Inmueble,2022-05-01,650000,
149,1,2022-10-12 17:45:30.387403+00:00,1,Facturacion Arriendo Inmueble^2022-6-1_A6N-13N-62-S204^2021-09-01,A6N-13N-62-S204^2021-09-01,Facturacion Arriendo Inmueble,2022-06-01,650000,
150,1,2022-10-12 17:45:30.489449+00:00,1,Facturacion Arriendo Inmueble^2022-7-1_A6N-13N-62-S204^2021-09-01,A6N-13N-62-S204^2021-09-01,Facturacion Arriendo Inmueble,2022-07-01,650000,
151,1,2022-10-12 17:45:30.571254+00:00,1,Facturacion Arriendo Inmueble^2022-8-1_A6N-13N-62-S204^2021-09-01,A6N-13N-62-S204^2021-09-01,Facturacion Arriendo Inmueble,2022-08-01,650000,
152,1,2022-10-12 17:45:30.653712+00:00,1,Facturacion Arriendo Inmueble^2022-9-1_A6N-13N-62-S204^2021-09-01,A6N-13N-62-S204^2021-09-01,Facturacion Arriendo Inmueble,2022-09-01,720000,
153,1,2022-10-12 17:45:30.740233+00:00,1,Facturacion Arriendo Inmueble^2022-10-1_A6N-13N-62-S204^2021-09-01,A6N-13N-62-S204^2021-09-01,Facturacion Arriendo Inmueble,2022-10-01,720000,
154,1,2022-10-12 17:45:30.853022+00:00,1,Facturacion Arriendo Inmueble^2022-1-1_A6N-13N-62-S205^2020-08-01,A6N-13N-62-S205^2020-08-01,Facturacion Arriendo Inmueble,2022-01-01,750000,
155,1,2022-10-12 17:45:30.958966+00:00,1,Facturacion Arriendo Inmueble^2022-2-1_A6N-13N-62-S205^2020-08-01,A6N-13N-62-S205^2020-08-01,Facturacion Arriendo Inmueble,2022-02-01,750000,
156,1,2022-10-12 17:45:31.050979+00:00,1,Facturacion Arriendo Inmueble^2022-3-1_A6N-13N-62-S205^2020-08-01,A6N-13N-62-S205^2020-08-01,Facturacion Arriendo Inmueble,2022-03-01,750000,
157,1,2022-10-12 17:45:31.126253+00:00,1,Facturacion Arriendo Inmueble^2022-4-1_A6N-13N-62-S205^2020-08-01,A6N-13N-62-S205^2020-08-01,Facturacion Arriendo Inmueble,2022-04-01,750000,
158,1,2022-10-12 17:45:31.222156+00:00,1,Facturacion Arriendo Inmueble^2022-5-1_A6N-13N-62-S205^2020-08-01,A6N-13N-62-S205^2020-08-01,Facturacion Arriendo Inmueble,2022-05-01,750000,
159,1,2022-10-12 17:45:31.319206+00:00,1,Facturacion Arriendo Inmueble^2022-6-1_A6N-13N-62-S205^2020-08-01,A6N-13N-62-S205^2020-08-01,Facturacion Arriendo Inmueble,2022-06-01,750000,
160,1,2022-10-12 17:45:31.390485+00:00,1,Facturacion Arriendo Inmueble^2022-7-1_A6N-13N-62-S205^2020-08-01,A6N-13N-62-S205^2020-08-01,Facturacion Arriendo Inmueble,2022-07-01,750000,
161,1,2022-10-12 17:45:31.431375+00:00,1,Facturacion Arriendo Inmueble^2022-8-1_A6N-13N-62-S205^2020-08-01,A6N-13N-62-S205^2020-08-01,Facturacion Arriendo Inmueble,2022-08-01,830000,
162,1,2022-10-12 17:45:31.494770+00:00,1,Facturacion Arriendo Inmueble^2022-9-1_A6N-13N-62-S205^2020-08-01,A6N-13N-62-S205^2020-08-01,Facturacion Arriendo Inmueble,2022-09-01,830000,
163,1,2022-10-12 17:45:31.561571+00:00,1,Facturacion Arriendo Inmueble^2022-10-1_A6N-13N-62-S205^2020-08-01,A6N-13N-62-S205^2020-08-01,Facturacion Arriendo Inmueble,2022-10-01,830000,
164,1,2022-10-12 17:45:31.634653+00:00,1,Facturacion Arriendo Inmueble^2022-1-1_A6N-13N-62-S207^2004-03-01,A6N-13N-62-S207^2004-03-01,Facturacion Arriendo Inmueble,2022-01-01,485000,
165,1,2022-10-12 17:45:31.713216+00:00,1,Facturacion Arriendo Inmueble^2022-2-1_A6N-13N-62-S207^2004-03-01,A6N-13N-62-S207^2004-03-01,Facturacion Arriendo Inmueble,2022-02-01,485000,
166,1,2022-10-12 17:45:31.785662+00:00,1,Facturacion Arriendo Inmueble^2022-3-1_A6N-13N-62-S207^2004-03-01,A6N-13N-62-S207^2004-03-01,Facturacion Arriendo Inmueble,2022-03-01,480968,
167,1,2022-10-12 17:45:31.879472+00:00,1,Facturacion Arriendo Inmueble^2022-1-1_A6N-13N-62-S208^2021-10-01,A6N-13N-62-S208^2021-10-01,Facturacion Arriendo Inmueble,2022-01-01,390000,
168,1,2022-10-12 17:45:31.979190+00:00,1,Facturacion Arriendo Inmueble^2022-2-1_A6N-13N-62-S208^2021-10-01,A6N-13N-62-S208^2021-10-01,Facturacion Arriendo Inmueble,2022-02-01,390000,
169,1,2022-10-12 17:45:32.051634+00:00,1,Facturacion Arriendo Inmueble^2022-3-1_A6N-13N-62-S208^2021-10-01,A6N-13N-62-S208^2021-10-01,Facturacion Arriendo Inmueble,2022-03-01,390000,
170,1,2022-10-12 17:45:32.126663+00:00,1,Facturacion Arriendo Inmueble^2022-4-1_A6N-13N-62-S208^2021-10-01,A6N-13N-62-S208^2021-10-01,Facturacion Arriendo Inmueble,2022-04-01,390000,
171,1,2022-10-12 17:45:32.230846+00:00,1,Facturacion Arriendo Inmueble^2022-5-1_A6N-13N-62-S208^2021-10-01,A6N-13N-62-S208^2021-10-01,Facturacion Arriendo Inmueble,2022-05-01,390000,
172,1,2022-10-12 17:45:32.311503+00:00,1,Facturacion Arriendo Inmueble^2022-6-1_A6N-13N-62-S208^2021-10-01,A6N-13N-62-S208^2021-10-01,Facturacion Arriendo Inmueble,2022-06-01,390000,
173,1,2022-10-12 17:45:32.385057+00:00,1,Facturacion Arriendo Inmueble^2022-7-1_A6N-13N-62-S208^2021-10-01,A6N-13N-62-S208^2021-10-01,Facturacion Arriendo Inmueble,2022-07-01,390000,
174,1,2022-10-12 17:45:32.482295+00:00,1,Facturacion Arriendo Inmueble^2022-8-1_A6N-13N-62-S208^2021-10-01,A6N-13N-62-S208^2021-10-01,Facturacion Arriendo Inmueble,2022-08-01,390000,
175,1,2022-10-12 17:45:32.560035+00:00,1,Facturacion Arriendo Inmueble^2022-9-1_A6N-13N-62-S208^2021-10-01,A6N-13N-62-S208^2021-10-01,Facturacion Arriendo Inmueble,2022-09-01,390000,
176,1,2022-10-12 17:45:32.665468+00:00,1,Facturacion Arriendo Inmueble^2022-10-1_A6N-13N-62-S208^2021-10-01,A6N-13N-62-S208^2021-10-01,Facturacion Arriendo Inmueble,2022-10-01,415000,
177,1,2022-10-12 17:45:32.739158+00:00,1,Facturacion Arriendo Inmueble^2021-12-21_A6N-13N-62-S209^2006-03-21,A6N-13N-62-S209^2006-03-21,Facturacion Arriendo Inmueble,2021-12-21,465000,
178,1,2022-10-12 17:45:32.835147+00:00,1,Facturacion Arriendo Inmueble^2022-1-21_A6N-13N-62-S209^2006-03-21,A6N-13N-62-S209^2006-03-21,Facturacion Arriendo Inmueble,2022-01-21,465000,
179,1,2022-10-12 17:45:32.908255+00:00,1,Facturacion Arriendo Inmueble^2022-2-21_A6N-13N-62-S209^2006-03-21,A6N-13N-62-S209^2006-03-21,Facturacion Arriendo Inmueble,2022-02-21,465000,
180,1,2022-10-12 17:45:32.986576+00:00,1,Facturacion Arriendo Inmueble^2022-3-21_A6N-13N-62-S209^2006-03-21,A6N-13N-62-S209^2006-03-21,Facturacion Arriendo Inmueble,2022-03-21,476000,
181,1,2022-10-12 17:45:33.092614+00:00,1,Facturacion Arriendo Inmueble^2022-4-21_A6N-13N-62-S209^2006-03-21,A6N-13N-62-S209^2006-03-21,Facturacion Arriendo Inmueble,2022-04-21,476000,
182,1,2022-10-12 17:45:33.190627+00:00,1,Facturacion Arriendo Inmueble^2022-5-21_A6N-13N-62-S209^2006-03-21,A6N-13N-62-S209^2006-03-21,Facturacion Arriendo Inmueble,2022-05-21,476000,
183,1,2022-10-12 17:45:33.281603+00:00,1,Facturacion Arriendo Inmueble^2022-6-21_A6N-13N-62-S209^2006-03-21,A6N-13N-62-S209^2006-03-21,Facturacion Arriendo Inmueble,2022-06-21,476000,
184,1,2022-10-12 17:45:33.376667+00:00,1,Facturacion Arriendo Inmueble^2022-7-21_A6N-13N-62-S209^2006-03-21,A6N-13N-62-S209^2006-03-21,Facturacion Arriendo Inmueble,2022-07-21,476000,
185,1,2022-10-12 17:45:33.474814+00:00,1,Facturacion Arriendo Inmueble^2022-8-21_A6N-13N-62-S209^2006-03-21,A6N-13N-62-S209^2006-03-21,Facturacion Arriendo Inmueble,2022-08-21,476000,
186,1,2022-10-12 17:45:33.551393+00:00,1,Facturacion Arriendo Inmueble^2022-9-21_A6N-13N-62-S209^2006-03-21,A6N-13N-62-S209^2006-03-21,Facturacion Arriendo Inmueble,2022-09-21,476000,
187,1,2022-10-12 17:45:33.631451+00:00,1,Facturacion Arriendo Inmueble^2021-12-20_A6N-13N-62-S210^2017-03-20,A6N-13N-62-S210^2017-03-20,Facturacion Arriendo Inmueble,2021-12-20,478000,
188,1,2022-10-12 17:45:33.729598+00:00,1,Facturacion Arriendo Inmueble^2022-1-20_A6N-13N-62-S210^2017-03-20,A6N-13N-62-S210^2017-03-20,Facturacion Arriendo Inmueble,2022-01-20,478000,
189,1,2022-10-12 17:45:33.807903+00:00,1,Facturacion Arriendo Inmueble^2022-2-20_A6N-13N-62-S210^2017-03-20,A6N-13N-62-S210^2017-03-20,Facturacion Arriendo Inmueble,2022-02-20,460929,
190,1,2022-10-12 17:45:33.891348+00:00,1,Facturacion Arriendo Inmueble^2022-1-8_A6N-13N-62-S211^2017-03-08,A6N-13N-62-S211^2017-03-08,Facturacion Arriendo Inmueble,2022-01-08,467000,
191,1,2022-10-12 17:45:33.962675+00:00,1,Facturacion Arriendo Inmueble^2022-2-8_A6N-13N-62-S211^2017-03-08,A6N-13N-62-S211^2017-03-08,Facturacion Arriendo Inmueble,2022-02-08,467000,
192,1,2022-10-12 17:45:34.043509+00:00,1,Facturacion Arriendo Inmueble^2022-3-8_A6N-13N-62-S211^2017-03-08,A6N-13N-62-S211^2017-03-08,Facturacion Arriendo Inmueble,2022-03-08,478000,
193,1,2022-10-12 17:45:34.150916+00:00,1,Facturacion Arriendo Inmueble^2022-4-8_A6N-13N-62-S211^2017-03-08,A6N-13N-62-S211^2017-03-08,Facturacion Arriendo Inmueble,2022-04-08,478000,
194,1,2022-10-12 17:45:34.227106+00:00,1,Facturacion Arriendo Inmueble^2022-5-8_A6N-13N-62-S211^2017-03-08,A6N-13N-62-S211^2017-03-08,Facturacion Arriendo Inmueble,2022-05-08,478000,
195,1,2022-10-12 17:45:34.340148+00:00,1,Facturacion Arriendo Inmueble^2022-6-8_A6N-13N-62-S211^2017-03-08,A6N-13N-62-S211^2017-03-08,Facturacion Arriendo Inmueble,2022-06-08,478000,
196,1,2022-10-12 17:45:34.422765+00:00,1,Facturacion Arriendo Inmueble^2022-7-8_A6N-13N-62-S211^2017-03-08,A6N-13N-62-S211^2017-03-08,Facturacion Arriendo Inmueble,2022-07-08,478000,
197,1,2022-10-12 17:45:34.501805+00:00,1,Facturacion Arriendo Inmueble^2022-8-8_A6N-13N-62-S211^2017-03-08,A6N-13N-62-S211^2017-03-08,Facturacion Arriendo Inmueble,2022-08-08,478000,
198,1,2022-10-12 17:45:34.601404+00:00,1,Facturacion Arriendo Inmueble^2022-9-8_A6N-13N-62-S211^2017-03-08,A6N-13N-62-S211^2017-03-08,Facturacion Arriendo Inmueble,2022-09-08,478000,
199,1,2022-10-12 17:45:34.707703+00:00,1,Facturacion Arriendo Inmueble^2022-10-8_A6N-13N-62-S211^2017-03-08,A6N-13N-62-S211^2017-03-08,Facturacion Arriendo Inmueble,2022-10-08,478000,
200,1,2022-10-12 17:45:34.782378+00:00,1,Facturacion Arriendo Inmueble^2022-1-1_A6N-13N-62-S212^2011-09-01,A6N-13N-62-S212^2011-09-01,Facturacion Arriendo Inmueble,2022-01-01,467000,
201,1,2022-10-12 17:45:34.854359+00:00,1,Facturacion Arriendo Inmueble^2022-2-1_A6N-13N-62-S212^2011-09-01,A6N-13N-62-S212^2011-09-01,Facturacion Arriendo Inmueble,2022-02-01,467000,
202,1,2022-10-12 17:45:34.931648+00:00,1,Facturacion Arriendo Inmueble^2022-3-1_A6N-13N-62-S212^2011-09-01,A6N-13N-62-S212^2011-09-01,Facturacion Arriendo Inmueble,2022-03-01,467000,
203,1,2022-10-12 17:45:35.022642+00:00,1,Facturacion Arriendo Inmueble^2022-4-1_A6N-13N-62-S212^2011-09-01,A6N-13N-62-S212^2011-09-01,Facturacion Arriendo Inmueble,2022-04-01,467000,
204,1,2022-10-12 17:45:35.121430+00:00,1,Facturacion Arriendo Inmueble^2022-5-1_A6N-13N-62-S212^2011-09-01,A6N-13N-62-S212^2011-09-01,Facturacion Arriendo Inmueble,2022-05-01,467000,
205,1,2022-10-12 17:45:35.193704+00:00,1,Facturacion Arriendo Inmueble^2022-6-1_A6N-13N-62-S212^2011-09-01,A6N-13N-62-S212^2011-09-01,Facturacion Arriendo Inmueble,2022-06-01,467000,
206,1,2022-10-12 17:45:35.263746+00:00,1,Facturacion Arriendo Inmueble^2022-7-1_A6N-13N-62-S212^2011-09-01,A6N-13N-62-S212^2011-09-01,Facturacion Arriendo Inmueble,2022-07-01,467000,
207,1,2022-10-12 17:45:35.336120+00:00,1,Facturacion Arriendo Inmueble^2022-8-1_A6N-13N-62-S212^2011-09-01,A6N-13N-62-S212^2011-09-01,Facturacion Arriendo Inmueble,2022-08-01,467000,
208,1,2022-10-12 17:45:35.410990+00:00,1,Facturacion Arriendo Inmueble^2022-9-1_A6N-13N-62-S212^2011-09-01,A6N-13N-62-S212^2011-09-01,Facturacion Arriendo Inmueble,2022-09-01,650000,
209,1,2022-10-12 17:45:35.482913+00:00,1,Facturacion Arriendo Inmueble^2022-10-1_A6N-13N-62-S212^2011-09-01,A6N-13N-62-S212^2011-09-01,Facturacion Arriendo Inmueble,2022-10-01,650000,
210,1,2022-10-12 17:45:35.559137+00:00,1,Facturacion Arriendo Inmueble^2022-1-1_A6N-13N-62-S214^2018-10-01,A6N-13N-62-S214^2018-10-01,Facturacion Arriendo Inmueble,2022-01-01,467000,
211,1,2022-10-12 17:45:35.630020+00:00,1,Facturacion Arriendo Inmueble^2022-2-1_A6N-13N-62-S214^2018-10-01,A6N-13N-62-S214^2018-10-01,Facturacion Arriendo Inmueble,2022-02-01,467000,
212,1,2022-10-12 17:45:35.729951+00:00,1,Facturacion Arriendo Inmueble^2022-3-1_A6N-13N-62-S214^2018-10-01,A6N-13N-62-S214^2018-10-01,Facturacion Arriendo Inmueble,2022-03-01,467000,
213,1,2022-10-12 17:45:35.801948+00:00,1,Facturacion Arriendo Inmueble^2022-4-1_A6N-13N-62-S214^2018-10-01,A6N-13N-62-S214^2018-10-01,Facturacion Arriendo Inmueble,2022-04-01,467000,
214,1,2022-10-12 17:45:35.853195+00:00,1,Facturacion Arriendo Inmueble^2022-5-1_A6N-13N-62-S214^2018-10-01,A6N-13N-62-S214^2018-10-01,Facturacion Arriendo Inmueble,2022-05-01,467000,
215,1,2022-10-12 17:45:35.894378+00:00,1,Facturacion Arriendo Inmueble^2022-6-1_A6N-13N-62-S214^2018-10-01,A6N-13N-62-S214^2018-10-01,Facturacion Arriendo Inmueble,2022-06-01,467000,
216,1,2022-10-12 17:45:36.052627+00:00,1,Facturacion Arriendo Inmueble^2022-7-1_A6N-13N-62-S214^2018-10-01,A6N-13N-62-S214^2018-10-01,Facturacion Arriendo Inmueble,2022-07-01,467000,
217,1,2022-10-12 17:45:36.135549+00:00,1,Facturacion Arriendo Inmueble^2022-8-1_A6N-13N-62-S214^2018-10-01,A6N-13N-62-S214^2018-10-01,Facturacion Arriendo Inmueble,2022-08-01,467000,
218,1,2022-10-12 17:45:36.242205+00:00,1,Facturacion Arriendo Inmueble^2022-9-1_A6N-13N-62-S214^2018-10-01,A6N-13N-62-S214^2018-10-01,Facturacion Arriendo Inmueble,2022-09-01,467000,
219,1,2022-10-12 17:45:36.343736+00:00,1,Facturacion Arriendo Inmueble^2022-10-1_A6N-13N-62-S214^2018-10-01,A6N-13N-62-S214^2018-10-01,Facturacion Arriendo Inmueble,2022-10-01,493000,
220,1,2022-10-12 17:45:36.438795+00:00,1,Facturacion Arriendo Inmueble^2021-11-1_A6N-13N-62-S217^2018-12-01,A6N-13N-62-S217^2018-12-01,Facturacion Arriendo Inmueble,2021-11-01,472000,
221,1,2022-10-12 17:45:36.545071+00:00,1,Facturacion Arriendo Inmueble^2021-12-1_A6N-13N-62-S217^2018-12-01,A6N-13N-62-S217^2018-12-01,Facturacion Arriendo Inmueble,2021-12-01,496000,
222,1,2022-10-12 17:45:36.619473+00:00,1,Facturacion Arriendo Inmueble^2022-1-1_A6N-13N-62-S217^2018-12-01,A6N-13N-62-S217^2018-12-01,Facturacion Arriendo Inmueble,2022-01-01,496000,
223,1,2022-10-12 17:45:36.735726+00:00,1,Facturacion Arriendo Inmueble^2022-2-1_A6N-13N-62-S217^2018-12-01,A6N-13N-62-S217^2018-12-01,Facturacion Arriendo Inmueble,2022-02-01,496000,
224,1,2022-10-12 17:45:36.822183+00:00,1,Facturacion Arriendo Inmueble^2022-3-1_A6N-13N-62-S217^2018-12-01,A6N-13N-62-S217^2018-12-01,Facturacion Arriendo Inmueble,2022-03-01,496000,
225,1,2022-10-12 17:45:36.902284+00:00,1,Facturacion Arriendo Inmueble^2022-4-1_A6N-13N-62-S217^2018-12-01,A6N-13N-62-S217^2018-12-01,Facturacion Arriendo Inmueble,2022-04-01,496000,
226,1,2022-10-12 17:45:37.003089+00:00,1,Facturacion Arriendo Inmueble^2022-5-1_A6N-13N-62-S217^2018-12-01,A6N-13N-62-S217^2018-12-01,Facturacion Arriendo Inmueble,2022-05-01,496000,
227,1,2022-10-12 17:45:37.081647+00:00,1,Facturacion Arriendo Inmueble^2022-6-1_A6N-13N-62-S217^2018-12-01,A6N-13N-62-S217^2018-12-01,Facturacion Arriendo Inmueble,2022-06-01,496000,
228,1,2022-10-12 17:45:37.184429+00:00,1,Facturacion Arriendo Inmueble^2022-7-1_A6N-13N-62-S217^2018-12-01,A6N-13N-62-S217^2018-12-01,Facturacion Arriendo Inmueble,2022-07-01,496000,
229,1,2022-10-12 17:45:37.286457+00:00,1,Facturacion Arriendo Inmueble^2022-8-1_A6N-13N-62-S217^2018-12-01,A6N-13N-62-S217^2018-12-01,Facturacion Arriendo Inmueble,2022-08-01,496000,
230,1,2022-10-12 17:45:37.359738+00:00,1,Facturacion Arriendo Inmueble^2022-9-1_A6N-13N-62-S217^2018-12-01,A6N-13N-62-S217^2018-12-01,Facturacion Arriendo Inmueble,2022-09-01,496000,
231,1,2022-10-12 17:45:37.459159+00:00,1,Facturacion Arriendo Inmueble^2022-10-1_A6N-13N-62-S217^2018-12-01,A6N-13N-62-S217^2018-12-01,Facturacion Arriendo Inmueble,2022-10-01,496000,
232,1,2022-10-12 17:45:37.571528+00:00,1,Facturacion Arriendo Inmueble^2022-1-9_A6N-13N-62-S219^2004-02-09,A6N-13N-62-S219^2004-02-09,Facturacion Arriendo Inmueble,2022-01-09,468000,
233,1,2022-10-12 17:45:37.646506+00:00,1,Facturacion Arriendo Inmueble^2022-2-9_A6N-13N-62-S219^2004-02-09,A6N-13N-62-S219^2004-02-09,Facturacion Arriendo Inmueble,2022-02-09,480000,
234,1,2022-10-12 17:45:37.727282+00:00,1,Facturacion Arriendo Inmueble^2022-3-9_A6N-13N-62-S219^2004-02-09,A6N-13N-62-S219^2004-02-09,Facturacion Arriendo Inmueble,2022-03-09,480000,
235,1,2022-10-12 17:45:37.822508+00:00,1,Facturacion Arriendo Inmueble^2022-4-9_A6N-13N-62-S219^2004-02-09,A6N-13N-62-S219^2004-02-09,Facturacion Arriendo Inmueble,2022-04-09,480000,
236,1,2022-10-12 17:45:37.899583+00:00,1,Facturacion Arriendo Inmueble^2022-5-9_A6N-13N-62-S219^2004-02-09,A6N-13N-62-S219^2004-02-09,Facturacion Arriendo Inmueble,2022-05-09,480000,
237,1,2022-10-12 17:45:37.997321+00:00,1,Facturacion Arriendo Inmueble^2022-6-9_A6N-13N-62-S219^2004-02-09,A6N-13N-62-S219^2004-02-09,Facturacion Arriendo Inmueble,2022-06-09,480000,
238,1,2022-10-12 17:45:38.072012+00:00,1,Facturacion Arriendo Inmueble^2022-7-9_A6N-13N-62-S219^2004-02-09,A6N-13N-62-S219^2004-02-09,Facturacion Arriendo Inmueble,2022-07-09,480000,
239,1,2022-10-12 17:45:38.167200+00:00,1,Facturacion Arriendo Inmueble^2022-8-9_A6N-13N-62-S219^2004-02-09,A6N-13N-62-S219^2004-02-09,Facturacion Arriendo Inmueble,2022-08-09,480000,
240,1,2022-10-12 17:45:38.270733+00:00,1,Facturacion Arriendo Inmueble^2022-9-9_A6N-13N-62-S219^2004-02-09,A6N-13N-62-S219^2004-02-09,Facturacion Arriendo Inmueble,2022-09-09,480000,
241,1,2022-10-12 17:45:38.345926+00:00,1,Facturacion Arriendo Inmueble^2022-10-9_A6N-13N-62-S219^2004-02-09,A6N-13N-62-S219^2004-02-09,Facturacion Arriendo Inmueble,2022-10-09,480000,
242,1,2022-10-12 17:45:38.452428+00:00,1,Facturacion Arriendo Inmueble^2022-1-15_A6N-13N-62-S221^2018-06-15,A6N-13N-62-S221^2018-06-15,Facturacion Arriendo Inmueble,2022-01-15,342000,
243,1,2022-10-12 17:45:38.556409+00:00,1,Facturacion Arriendo Inmueble^2022-2-15_A6N-13N-62-S221^2018-06-15,A6N-13N-62-S221^2018-06-15,Facturacion Arriendo Inmueble,2022-02-15,342000,
244,1,2022-10-12 17:45:38.652208+00:00,1,Facturacion Arriendo Inmueble^2022-3-15_A6N-13N-62-S221^2018-06-15,A6N-13N-62-S221^2018-06-15,Facturacion Arriendo Inmueble,2022-03-15,342000,
245,1,2022-10-12 17:45:38.740708+00:00,1,Facturacion Arriendo Inmueble^2022-4-15_A6N-13N-62-S221^2018-06-15,A6N-13N-62-S221^2018-06-15,Facturacion Arriendo Inmueble,2022-04-15,342000,
246,1,2022-10-12 17:45:38.819600+00:00,1,Facturacion Arriendo Inmueble^2022-5-15_A6N-13N-62-S221^2018-06-15,A6N-13N-62-S221^2018-06-15,Facturacion Arriendo Inmueble,2022-05-15,342000,
247,1,2022-10-12 17:45:38.890790+00:00,1,Facturacion Arriendo Inmueble^2022-6-15_A6N-13N-62-S221^2018-06-15,A6N-13N-62-S221^2018-06-15,Facturacion Arriendo Inmueble,2022-06-15,370000,
248,1,2022-10-12 17:45:38.989338+00:00,1,Facturacion Arriendo Inmueble^2022-7-15_A6N-13N-62-S221^2018-06-15,A6N-13N-62-S221^2018-06-15,Facturacion Arriendo Inmueble,2022-07-15,370000,
249,1,2022-10-12 17:45:39.070500+00:00,1,Facturacion Arriendo Inmueble^2022-8-15_A6N-13N-62-S221^2018-06-15,A6N-13N-62-S221^2018-06-15,Facturacion Arriendo Inmueble,2022-08-15,370000,
250,1,2022-10-12 17:45:39.169972+00:00,1,Facturacion Arriendo Inmueble^2022-9-15_A6N-13N-62-S221^2018-06-15,A6N-13N-62-S221^2018-06-15,Facturacion Arriendo Inmueble,2022-09-15,370000,
251,1,2022-10-12 17:45:39.271364+00:00,1,Facturacion Arriendo Inmueble^2022-6-1_A6N-13N-62-S222^2022-06-01,A6N-13N-62-S222^2022-06-01,Facturacion Arriendo Inmueble,2022-06-01,570000,
252,1,2022-10-12 17:45:39.363533+00:00,1,Facturacion Arriendo Inmueble^2022-7-1_A6N-13N-62-S222^2022-06-01,A6N-13N-62-S222^2022-06-01,Facturacion Arriendo Inmueble,2022-07-01,570000,
253,1,2022-10-12 17:45:39.460032+00:00,1,Facturacion Arriendo Inmueble^2022-8-1_A6N-13N-62-S222^2022-06-01,A6N-13N-62-S222^2022-06-01,Facturacion Arriendo Inmueble,2022-08-01,570000,
254,1,2022-10-12 17:45:39.562845+00:00,1,Facturacion Arriendo Inmueble^2022-9-1_A6N-13N-62-S222^2022-06-01,A6N-13N-62-S222^2022-06-01,Facturacion Arriendo Inmueble,2022-09-01,570000,
255,1,2022-10-12 17:45:39.643478+00:00,1,Facturacion Arriendo Inmueble^2022-10-1_A6N-13N-62-S222^2022-06-01,A6N-13N-62-S222^2022-06-01,Facturacion Arriendo Inmueble,2022-10-01,570000,
256,1,2022-10-12 17:45:39.726845+00:00,1,Facturacion Arriendo Inmueble^2022-1-1_A6N-13N-62-S301^2021-08-01,A6N-13N-62-S301^2021-08-01,Facturacion Arriendo Inmueble,2022-01-01,830000,
257,1,2022-10-12 17:45:39.796579+00:00,1,Facturacion Arriendo Inmueble^2022-2-1_A6N-13N-62-S301^2021-08-01,A6N-13N-62-S301^2021-08-01,Facturacion Arriendo Inmueble,2022-02-01,830000,
258,1,2022-10-12 17:45:39.866242+00:00,1,Facturacion Arriendo Inmueble^2022-3-1_A6N-13N-62-S301^2021-08-01,A6N-13N-62-S301^2021-08-01,Facturacion Arriendo Inmueble,2022-03-01,830000,
259,1,2022-10-12 17:45:39.937554+00:00,1,Facturacion Arriendo Inmueble^2022-4-1_A6N-13N-62-S301^2021-08-01,A6N-13N-62-S301^2021-08-01,Facturacion Arriendo Inmueble,2022-04-01,830000,
260,1,2022-10-12 17:45:40.027956+00:00,1,Facturacion Arriendo Inmueble^2022-5-1_A6N-13N-62-S301^2021-08-01,A6N-13N-62-S301^2021-08-01,Facturacion Arriendo Inmueble,2022-05-01,830000,
261,1,2022-10-12 17:45:40.128453+00:00,1,Facturacion Arriendo Inmueble^2022-6-1_A6N-13N-62-S301^2021-08-01,A6N-13N-62-S301^2021-08-01,Facturacion Arriendo Inmueble,2022-06-01,830000,
262,1,2022-10-12 17:45:40.198215+00:00,1,Facturacion Arriendo Inmueble^2022-7-1_A6N-13N-62-S301^2021-08-01,A6N-13N-62-S301^2021-08-01,Facturacion Arriendo Inmueble,2022-07-01,803226,
263,1,2022-10-12 17:45:40.281537+00:00,1,Facturacion Arriendo Inmueble^2021-12-1_A6N-13N-62-S302^2021-08-01,A6N-13N-62-S302^2021-08-01,Facturacion Arriendo Inmueble,2021-12-01,700000,
264,1,2022-10-12 17:45:40.392805+00:00,1,Facturacion Arriendo Inmueble^2022-1-1_A6N-13N-62-S302^2021-08-01,A6N-13N-62-S302^2021-08-01,Facturacion Arriendo Inmueble,2022-01-01,700000,
265,1,2022-10-12 17:45:40.463345+00:00,1,Facturacion Arriendo Inmueble^2022-2-1_A6N-13N-62-S302^2021-08-01,A6N-13N-62-S302^2021-08-01,Facturacion Arriendo Inmueble,2022-02-01,700000,
266,1,2022-10-12 17:45:40.531793+00:00,1,Facturacion Arriendo Inmueble^2022-3-1_A6N-13N-62-S302^2021-08-01,A6N-13N-62-S302^2021-08-01,Facturacion Arriendo Inmueble,2022-03-01,700000,
267,1,2022-10-12 17:45:40.583263+00:00,1,Facturacion Arriendo Inmueble^2022-4-1_A6N-13N-62-S302^2021-08-01,A6N-13N-62-S302^2021-08-01,Facturacion Arriendo Inmueble,2022-04-01,700000,
268,1,2022-10-12 17:45:40.621630+00:00,1,Facturacion Arriendo Inmueble^2022-5-1_A6N-13N-62-S302^2021-08-01,A6N-13N-62-S302^2021-08-01,Facturacion Arriendo Inmueble,2022-05-01,700000,
269,1,2022-10-12 17:45:40.693421+00:00,1,Facturacion Arriendo Inmueble^2022-6-1_A6N-13N-62-S302^2021-08-01,A6N-13N-62-S302^2021-08-01,Facturacion Arriendo Inmueble,2022-06-01,700000,
270,1,2022-10-12 17:45:40.789414+00:00,1,Facturacion Arriendo Inmueble^2022-7-1_A6N-13N-62-S302^2021-08-01,A6N-13N-62-S302^2021-08-01,Facturacion Arriendo Inmueble,2022-07-01,700000,
271,1,2022-10-12 17:45:40.876943+00:00,1,Facturacion Arriendo Inmueble^2022-8-1_A6N-13N-62-S302^2021-08-01,A6N-13N-62-S302^2021-08-01,Facturacion Arriendo Inmueble,2022-08-01,780000,
272,1,2022-10-12 17:45:40.953314+00:00,1,Facturacion Arriendo Inmueble^2022-9-1_A6N-13N-62-S302^2021-08-01,A6N-13N-62-S302^2021-08-01,Facturacion Arriendo Inmueble,2022-09-01,780000,
273,1,2022-10-12 17:45:41.054688+00:00,1,Facturacion Arriendo Inmueble^2022-10-1_A6N-13N-62-S302^2021-08-01,A6N-13N-62-S302^2021-08-01,Facturacion Arriendo Inmueble,2022-10-01,780000,
274,1,2022-10-12 17:45:41.145177+00:00,1,Facturacion Arriendo Inmueble^2022-2-7_A6N-13N-62-S303^2022-03-01,A6N-13N-62-S303^2022-03-01,Facturacion Arriendo Inmueble,2022-02-07,550000,
275,1,2022-10-12 17:45:41.218504+00:00,1,Facturacion Arriendo Inmueble^2022-3-1_A6N-13N-62-S303^2022-03-01,A6N-13N-62-S303^2022-03-01,Facturacion Arriendo Inmueble,2022-03-01,700000,
276,1,2022-10-12 17:45:41.293133+00:00,1,Facturacion Arriendo Inmueble^2022-4-1_A6N-13N-62-S303^2022-03-01,A6N-13N-62-S303^2022-03-01,Facturacion Arriendo Inmueble,2022-04-01,700000,
277,1,2022-10-12 17:45:41.372601+00:00,1,Facturacion Arriendo Inmueble^2022-5-1_A6N-13N-62-S303^2022-03-01,A6N-13N-62-S303^2022-03-01,Facturacion Arriendo Inmueble,2022-05-01,700000,
278,1,2022-10-12 17:45:41.467589+00:00,1,Facturacion Arriendo Inmueble^2022-6-1_A6N-13N-62-S303^2022-03-01,A6N-13N-62-S303^2022-03-01,Facturacion Arriendo Inmueble,2022-06-01,700000,
279,1,2022-10-12 17:45:41.567392+00:00,1,Facturacion Arriendo Inmueble^2022-7-1_A6N-13N-62-S303^2022-03-01,A6N-13N-62-S303^2022-03-01,Facturacion Arriendo Inmueble,2022-07-01,700000,
280,1,2022-10-12 17:45:41.641733+00:00,1,Facturacion Arriendo Inmueble^2022-8-1_A6N-13N-62-S303^2022-03-01,A6N-13N-62-S303^2022-03-01,Facturacion Arriendo Inmueble,2022-08-01,700000,
281,1,2022-10-12 17:45:41.720128+00:00,1,Facturacion Arriendo Inmueble^2022-9-1_A6N-13N-62-S303^2022-03-01,A6N-13N-62-S303^2022-03-01,Facturacion Arriendo Inmueble,2022-09-01,700000,
282,1,2022-10-12 17:45:41.801586+00:00,1,Facturacion Arriendo Inmueble^2022-10-1_A6N-13N-62-S303^2022-03-01,A6N-13N-62-S303^2022-03-01,Facturacion Arriendo Inmueble,2022-10-01,700000,
283,1,2022-10-12 17:45:41.894015+00:00,1,Facturacion Arriendo Inmueble^2022-4-1_A6N-13N-62-S304^2022-04-01,A6N-13N-62-S304^2022-04-01,Facturacion Arriendo Inmueble,2022-04-01,700000,
284,1,2022-10-12 17:45:41.986226+00:00,1,Facturacion Arriendo Inmueble^2022-5-1_A6N-13N-62-S304^2022-04-01,A6N-13N-62-S304^2022-04-01,Facturacion Arriendo Inmueble,2022-05-01,700000,
285,1,2022-10-12 17:45:42.095235+00:00,1,Facturacion Arriendo Inmueble^2022-6-1_A6N-13N-62-S304^2022-04-01,A6N-13N-62-S304^2022-04-01,Facturacion Arriendo Inmueble,2022-06-01,700000,
286,1,2022-10-12 17:45:42.194665+00:00,1,Facturacion Arriendo Inmueble^2022-7-1_A6N-13N-62-S304^2022-04-01,A6N-13N-62-S304^2022-04-01,Facturacion Arriendo Inmueble,2022-07-01,700000,
287,1,2022-10-12 17:45:42.269632+00:00,1,Facturacion Arriendo Inmueble^2022-8-1_A6N-13N-62-S304^2022-04-01,A6N-13N-62-S304^2022-04-01,Facturacion Arriendo Inmueble,2022-08-01,700000,
288,1,2022-10-12 17:45:42.373403+00:00,1,Facturacion Arriendo Inmueble^2022-9-1_A6N-13N-62-S304^2022-04-01,A6N-13N-62-S304^2022-04-01,Facturacion Arriendo Inmueble,2022-09-01,700000,
289,1,2022-10-12 17:45:42.470447+00:00,1,Facturacion Arriendo Inmueble^2022-10-1_A6N-13N-62-S304^2022-04-01,A6N-13N-62-S304^2022-04-01,Facturacion Arriendo Inmueble,2022-10-01,700000,
290,1,2022-10-12 17:45:42.550985+00:00,1,Facturacion Arriendo Inmueble^2022-1-1_A6N-13N-62-S305^2021-02-01,A6N-13N-62-S305^2021-02-01,Facturacion Arriendo Inmueble,2022-01-01,750000,
291,1,2022-10-12 17:45:42.649553+00:00,1,Facturacion Arriendo Inmueble^2022-2-1_A6N-13N-62-S305^2021-02-01,A6N-13N-62-S305^2021-02-01,Facturacion Arriendo Inmueble,2022-02-01,785000,
292,1,2022-10-12 17:45:42.726169+00:00,1,Facturacion Arriendo Inmueble^2022-3-1_A6N-13N-62-S305^2021-02-01,A6N-13N-62-S305^2021-02-01,Facturacion Arriendo Inmueble,2022-03-01,785000,
293,1,2022-10-12 17:45:42.827672+00:00,1,Facturacion Arriendo Inmueble^2022-4-1_A6N-13N-62-S305^2021-02-01,A6N-13N-62-S305^2021-02-01,Facturacion Arriendo Inmueble,2022-04-01,785000,
294,1,2022-10-12 17:45:42.911369+00:00,1,Facturacion Arriendo Inmueble^2022-5-1_A6N-13N-62-S305^2021-02-01,A6N-13N-62-S305^2021-02-01,Facturacion Arriendo Inmueble,2022-05-01,785000,
295,1,2022-10-12 17:45:42.989347+00:00,1,Facturacion Arriendo Inmueble^2022-6-1_A6N-13N-62-S305^2021-02-01,A6N-13N-62-S305^2021-02-01,Facturacion Arriendo Inmueble,2022-06-01,785000,
296,1,2022-10-12 17:45:43.067612+00:00,1,Facturacion Arriendo Inmueble^2022-7-1_A6N-13N-62-S305^2021-02-01,A6N-13N-62-S305^2021-02-01,Facturacion Arriendo Inmueble,2022-07-01,785000,
297,1,2022-10-12 17:45:43.172392+00:00,1,Facturacion Arriendo Inmueble^2022-8-1_A6N-13N-62-S305^2021-02-01,A6N-13N-62-S305^2021-02-01,Facturacion Arriendo Inmueble,2022-08-01,785000,
298,1,2022-10-12 17:45:43.244015+00:00,1,Facturacion Arriendo Inmueble^2022-9-1_A6N-13N-62-S305^2021-02-01,A6N-13N-62-S305^2021-02-01,Facturacion Arriendo Inmueble,2022-09-01,785000,
299,1,2022-10-12 17:45:43.323377+00:00,1,Facturacion Arriendo Inmueble^2022-10-1_A6N-13N-62-S305^2021-02-01,A6N-13N-62-S305^2021-02-01,Facturacion Arriendo Inmueble,2022-10-01,785000,
300,1,2022-10-12 17:45:43.401592+00:00,1,Facturacion Arriendo Inmueble^2021-11-1_A6N-13N-62-S306^2018-06-01,A6N-13N-62-S306^2018-06-01,Facturacion Arriendo Inmueble,2021-11-01,458000,
301,1,2022-10-12 17:45:43.506591+00:00,1,Facturacion Arriendo Inmueble^2021-12-1_A6N-13N-62-S306^2018-06-01,A6N-13N-62-S306^2018-06-01,Facturacion Arriendo Inmueble,2021-12-01,458000,
302,1,2022-10-12 17:45:43.580570+00:00,1,Facturacion Arriendo Inmueble^2022-1-1_A6N-13N-62-S306^2018-06-01,A6N-13N-62-S306^2018-06-01,Facturacion Arriendo Inmueble,2022-01-01,458000,
303,1,2022-10-12 17:45:43.654934+00:00,1,Facturacion Arriendo Inmueble^2022-2-1_A6N-13N-62-S306^2018-06-01,A6N-13N-62-S306^2018-06-01,Facturacion Arriendo Inmueble,2022-02-01,458000,
304,1,2022-10-12 17:45:43.733281+00:00,1,Facturacion Arriendo Inmueble^2022-3-1_A6N-13N-62-S306^2018-06-01,A6N-13N-62-S306^2018-06-01,Facturacion Arriendo Inmueble,2022-03-01,458000,
305,1,2022-10-12 17:45:43.811794+00:00,1,Facturacion Arriendo Inmueble^2022-4-1_A6N-13N-62-S306^2018-06-01,A6N-13N-62-S306^2018-06-01,Facturacion Arriendo Inmueble,2022-04-01,458000,
306,1,2022-10-12 17:45:43.896817+00:00,1,Facturacion Arriendo Inmueble^2022-5-1_A6N-13N-62-S306^2018-06-01,A6N-13N-62-S306^2018-06-01,Facturacion Arriendo Inmueble,2022-05-01,458000,
307,1,2022-10-12 17:45:43.995530+00:00,1,Facturacion Arriendo Inmueble^2022-6-1_A6N-13N-62-S306^2018-06-01,A6N-13N-62-S306^2018-06-01,Facturacion Arriendo Inmueble,2022-06-01,458000,
308,1,2022-10-12 17:45:44.077281+00:00,1,Facturacion Arriendo Inmueble^2022-7-1_A6N-13N-62-S306^2018-06-01,A6N-13N-62-S306^2018-06-01,Facturacion Arriendo Inmueble,2022-07-01,458000,
309,1,2022-10-12 17:45:44.173130+00:00,1,Facturacion Arriendo Inmueble^2022-8-1_A6N-13N-62-S306^2018-06-01,A6N-13N-62-S306^2018-06-01,Facturacion Arriendo Inmueble,2022-08-01,458000,
310,1,2022-10-12 17:45:44.243948+00:00,1,Facturacion Arriendo Inmueble^2022-9-1_A6N-13N-62-S306^2018-06-01,A6N-13N-62-S306^2018-06-01,Facturacion Arriendo Inmueble,2022-09-01,458000,
311,1,2022-10-12 17:45:44.323847+00:00,1,Facturacion Arriendo Inmueble^2022-10-1_A6N-13N-62-S306^2018-06-01,A6N-13N-62-S306^2018-06-01,Facturacion Arriendo Inmueble,2022-10-01,458000,
312,1,2022-10-12 17:45:44.405816+00:00,1,Facturacion Arriendo Inmueble^2022-3-1_A6N-13N-62-S308^2022-03-01,A6N-13N-62-S308^2022-03-01,Facturacion Arriendo Inmueble,2022-03-01,390000,
313,1,2022-10-12 17:45:44.476563+00:00,1,Facturacion Arriendo Inmueble^2022-4-1_A6N-13N-62-S308^2022-03-01,A6N-13N-62-S308^2022-03-01,Facturacion Arriendo Inmueble,2022-04-01,390000,
314,1,2022-10-12 17:45:44.551509+00:00,1,Facturacion Arriendo Inmueble^2022-5-1_A6N-13N-62-S308^2022-03-01,A6N-13N-62-S308^2022-03-01,Facturacion Arriendo Inmueble,2022-05-01,377419,
315,1,2022-10-12 17:45:44.653993+00:00,1,Facturacion Arriendo Inmueble^2022-7-1_A6N-13N-62-S308^2022-07-01,A6N-13N-62-S308^2022-07-01,Facturacion Arriendo Inmueble,2022-07-01,390000,
316,1,2022-10-12 17:45:44.726713+00:00,1,Facturacion Arriendo Inmueble^2022-8-1_A6N-13N-62-S308^2022-07-01,A6N-13N-62-S308^2022-07-01,Facturacion Arriendo Inmueble,2022-08-01,390000,
317,1,2022-10-12 17:45:44.801619+00:00,1,Facturacion Arriendo Inmueble^2022-9-1_A6N-13N-62-S308^2022-07-01,A6N-13N-62-S308^2022-07-01,Facturacion Arriendo Inmueble,2022-09-01,390000,
318,1,2022-10-12 17:45:44.901068+00:00,1,Facturacion Arriendo Inmueble^2022-10-1_A6N-13N-62-S308^2022-07-01,A6N-13N-62-S308^2022-07-01,Facturacion Arriendo Inmueble,2022-10-01,390000,
319,1,2022-10-12 17:45:44.959959+00:00,1,Facturacion Arriendo Inmueble^2022-3-1_A6N-13N-62-S309^2022-03-01,A6N-13N-62-S309^2022-03-01,Facturacion Arriendo Inmueble,2022-03-01,390000,
320,1,2022-10-12 17:45:45.004250+00:00,1,Facturacion Arriendo Inmueble^2022-4-1_A6N-13N-62-S309^2022-03-01,A6N-13N-62-S309^2022-03-01,Facturacion Arriendo Inmueble,2022-04-01,390000,
321,1,2022-10-12 17:45:45.058634+00:00,1,Facturacion Arriendo Inmueble^2022-5-1_A6N-13N-62-S309^2022-03-01,A6N-13N-62-S309^2022-03-01,Facturacion Arriendo Inmueble,2022-05-01,390000,
322,1,2022-10-12 17:45:45.125747+00:00,1,Facturacion Arriendo Inmueble^2022-6-1_A6N-13N-62-S309^2022-03-01,A6N-13N-62-S309^2022-03-01,Facturacion Arriendo Inmueble,2022-06-01,390000,
323,1,2022-10-12 17:45:45.198458+00:00,1,Facturacion Arriendo Inmueble^2022-7-1_A6N-13N-62-S309^2022-03-01,A6N-13N-62-S309^2022-03-01,Facturacion Arriendo Inmueble,2022-07-01,390000,
324,1,2022-10-12 17:45:45.276689+00:00,1,Facturacion Arriendo Inmueble^2022-8-1_A6N-13N-62-S309^2022-03-01,A6N-13N-62-S309^2022-03-01,Facturacion Arriendo Inmueble,2022-08-01,390000,
325,1,2022-10-12 17:45:45.348913+00:00,1,Facturacion Arriendo Inmueble^2022-9-1_A6N-13N-62-S309^2022-03-01,A6N-13N-62-S309^2022-03-01,Facturacion Arriendo Inmueble,2022-09-01,390000,
326,1,2022-10-12 17:45:45.425720+00:00,1,Facturacion Arriendo Inmueble^2022-10-1_A6N-13N-62-S309^2022-03-01,A6N-13N-62-S309^2022-03-01,Facturacion Arriendo Inmueble,2022-10-01,390000,
327,1,2022-10-12 17:45:45.512261+00:00,1,Facturacion Arriendo Inmueble^2022-1-1_A6N-13N-62-S310^2021-12-01,A6N-13N-62-S310^2021-12-01,Facturacion Arriendo Inmueble,2022-01-01,377419,
328,1,2022-10-12 17:45:45.608940+00:00,1,Facturacion Arriendo Inmueble^2022-7-1_A6N-13N-62-S310^2022-07-01,A6N-13N-62-S310^2022-07-01,Facturacion Arriendo Inmueble,2022-07-01,390000,
329,1,2022-10-12 17:45:45.684540+00:00,1,Facturacion Arriendo Inmueble^2022-8-1_A6N-13N-62-S310^2022-07-01,A6N-13N-62-S310^2022-07-01,Facturacion Arriendo Inmueble,2022-08-01,390000,
330,1,2022-10-12 17:45:45.779067+00:00,1,Facturacion Arriendo Inmueble^2022-9-1_A6N-13N-62-S310^2022-07-01,A6N-13N-62-S310^2022-07-01,Facturacion Arriendo Inmueble,2022-09-01,390000,
331,1,2022-10-12 17:45:45.871960+00:00,1,Facturacion Arriendo Inmueble^2022-10-1_A6N-13N-62-S310^2022-07-01,A6N-13N-62-S310^2022-07-01,Facturacion Arriendo Inmueble,2022-10-01,390000,
332,1,2022-10-12 17:45:45.956377+00:00,1,Facturacion Arriendo Inmueble^2022-1-1_A6N-13N-62-S311^2021-11-01,A6N-13N-62-S311^2021-11-01,Facturacion Arriendo Inmueble,2022-01-01,390000,
333,1,2022-10-12 17:45:46.034895+00:00,1,Facturacion Arriendo Inmueble^2022-2-1_A6N-13N-62-S311^2021-11-01,A6N-13N-62-S311^2021-11-01,Facturacion Arriendo Inmueble,2022-02-01,390000,
334,1,2022-10-12 17:45:46.113275+00:00,1,Facturacion Arriendo Inmueble^2022-3-1_A6N-13N-62-S311^2021-11-01,A6N-13N-62-S311^2021-11-01,Facturacion Arriendo Inmueble,2022-03-01,390000,
335,1,2022-10-12 17:45:46.186360+00:00,1,Facturacion Arriendo Inmueble^2022-4-1_A6N-13N-62-S311^2021-11-01,A6N-13N-62-S311^2021-11-01,Facturacion Arriendo Inmueble,2022-04-01,390000,
336,1,2022-10-12 17:45:46.263371+00:00,1,Facturacion Arriendo Inmueble^2022-5-1_A6N-13N-62-S311^2021-11-01,A6N-13N-62-S311^2021-11-01,Facturacion Arriendo Inmueble,2022-05-01,390000,
337,1,2022-10-12 17:45:46.348788+00:00,1,Facturacion Arriendo Inmueble^2022-6-1_A6N-13N-62-S311^2021-11-01,A6N-13N-62-S311^2021-11-01,Facturacion Arriendo Inmueble,2022-06-01,390000,
338,1,2022-10-12 17:45:46.422749+00:00,1,Facturacion Arriendo Inmueble^2022-7-1_A6N-13N-62-S311^2021-11-01,A6N-13N-62-S311^2021-11-01,Facturacion Arriendo Inmueble,2022-07-01,390000,
339,1,2022-10-12 17:45:46.525393+00:00,1,Facturacion Arriendo Inmueble^2022-8-1_A6N-13N-62-S311^2021-11-01,A6N-13N-62-S311^2021-11-01,Facturacion Arriendo Inmueble,2022-08-01,390000,
340,1,2022-10-12 17:45:46.623946+00:00,1,Facturacion Arriendo Inmueble^2022-9-1_A6N-13N-62-S311^2021-11-01,A6N-13N-62-S311^2021-11-01,Facturacion Arriendo Inmueble,2022-09-01,390000,
341,1,2022-10-12 17:45:46.699981+00:00,1,Facturacion Arriendo Inmueble^2022-10-1_A6N-13N-62-S311^2021-11-01,A6N-13N-62-S311^2021-11-01,Facturacion Arriendo Inmueble,2022-10-01,390000,
342,1,2022-10-12 17:45:46.805403+00:00,1,Facturacion Arriendo Inmueble^2022-1-1_A6N-13N-62-S312^2017-06-01,A6N-13N-62-S312^2017-06-01,Facturacion Arriendo Inmueble,2022-01-01,490000,
343,1,2022-10-12 17:45:46.904035+00:00,1,Facturacion Arriendo Inmueble^2022-2-1_A6N-13N-62-S312^2017-06-01,A6N-13N-62-S312^2017-06-01,Facturacion Arriendo Inmueble,2022-02-01,490000,
344,1,2022-10-12 17:45:46.982812+00:00,1,Facturacion Arriendo Inmueble^2022-3-1_A6N-13N-62-S312^2017-06-01,A6N-13N-62-S312^2017-06-01,Facturacion Arriendo Inmueble,2022-03-01,490000,
345,1,2022-10-12 17:45:47.092877+00:00,1,Facturacion Arriendo Inmueble^2022-4-1_A6N-13N-62-S312^2017-06-01,A6N-13N-62-S312^2017-06-01,Facturacion Arriendo Inmueble,2022-04-01,490000,
346,1,2022-10-12 17:45:47.170902+00:00,1,Facturacion Arriendo Inmueble^2022-5-1_A6N-13N-62-S312^2017-06-01,A6N-13N-62-S312^2017-06-01,Facturacion Arriendo Inmueble,2022-05-01,490000,
347,1,2022-10-12 17:45:47.248820+00:00,1,Facturacion Arriendo Inmueble^2022-6-1_A6N-13N-62-S312^2017-06-01,A6N-13N-62-S312^2017-06-01,Facturacion Arriendo Inmueble,2022-06-01,530000,
348,1,2022-10-12 17:45:47.356408+00:00,1,Facturacion Arriendo Inmueble^2022-7-1_A6N-13N-62-S312^2017-06-01,A6N-13N-62-S312^2017-06-01,Facturacion Arriendo Inmueble,2022-07-01,530000,
349,1,2022-10-12 17:45:47.455437+00:00,1,Facturacion Arriendo Inmueble^2022-8-1_A6N-13N-62-S312^2017-06-01,A6N-13N-62-S312^2017-06-01,Facturacion Arriendo Inmueble,2022-08-01,530000,
350,1,2022-10-12 17:45:47.550097+00:00,1,Facturacion Arriendo Inmueble^2022-9-1_A6N-13N-62-S312^2017-06-01,A6N-13N-62-S312^2017-06-01,Facturacion Arriendo Inmueble,2022-09-01,530000,
351,1,2022-10-12 17:45:47.621610+00:00,1,Facturacion Arriendo Inmueble^2022-10-1_A6N-13N-62-S312^2017-06-01,A6N-13N-62-S312^2017-06-01,Facturacion Arriendo Inmueble,2022-10-01,530000,
352,1,2022-10-12 17:45:47.705133+00:00,1,Facturacion Arriendo Inmueble^2022-1-1_A6N-13N-62-S314^2019-06-01,A6N-13N-62-S314^2019-06-01,Facturacion Arriendo Inmueble,2022-01-01,455000,
353,1,2022-10-12 17:45:47.782533+00:00,1,Facturacion Arriendo Inmueble^2022-2-1_A6N-13N-62-S314^2019-06-01,A6N-13N-62-S314^2019-06-01,Facturacion Arriendo Inmueble,2022-02-01,455000,
354,1,2022-10-12 17:45:47.856892+00:00,1,Facturacion Arriendo Inmueble^2022-3-1_A6N-13N-62-S314^2019-06-01,A6N-13N-62-S314^2019-06-01,Facturacion Arriendo Inmueble,2022-03-01,455000,
355,1,2022-10-12 17:45:47.930651+00:00,1,Facturacion Arriendo Inmueble^2022-4-1_A6N-13N-62-S314^2019-06-01,A6N-13N-62-S314^2019-06-01,Facturacion Arriendo Inmueble,2022-04-01,455000,
356,1,2022-10-12 17:45:48.005451+00:00,1,Facturacion Arriendo Inmueble^2022-5-1_A6N-13N-62-S314^2019-06-01,A6N-13N-62-S314^2019-06-01,Facturacion Arriendo Inmueble,2022-05-01,455000,
357,1,2022-10-12 17:45:48.103486+00:00,1,Facturacion Arriendo Inmueble^2022-6-1_A6N-13N-62-S314^2019-06-01,A6N-13N-62-S314^2019-06-01,Facturacion Arriendo Inmueble,2022-06-01,500000,
358,1,2022-10-12 17:45:48.176437+00:00,1,Facturacion Arriendo Inmueble^2022-7-1_A6N-13N-62-S314^2019-06-01,A6N-13N-62-S314^2019-06-01,Facturacion Arriendo Inmueble,2022-07-01,500000,
359,1,2022-10-12 17:45:48.258332+00:00,1,Facturacion Arriendo Inmueble^2022-8-1_A6N-13N-62-S314^2019-06-01,A6N-13N-62-S314^2019-06-01,Facturacion Arriendo Inmueble,2022-08-01,500000,
360,1,2022-10-12 17:45:48.352107+00:00,1,Facturacion Arriendo Inmueble^2022-9-1_A6N-13N-62-S314^2019-06-01,A6N-13N-62-S314^2019-06-01,Facturacion Arriendo Inmueble,2022-09-01,500000,
361,1,2022-10-12 17:45:48.452318+00:00,1,Facturacion Arriendo Inmueble^2022-10-1_A6N-13N-62-S314^2019-06-01,A6N-13N-62-S314^2019-06-01,Facturacion Arriendo Inmueble,2022-10-01,500000,
362,1,2022-10-12 17:45:48.526732+00:00,1,Facturacion Arriendo Inmueble^2022-1-1_A6N-13N-62-S315^2019-08-01,A6N-13N-62-S315^2019-08-01,Facturacion Arriendo Inmueble,2022-01-01,310000,
363,1,2022-10-12 17:45:48.606583+00:00,1,Facturacion Arriendo Inmueble^2022-2-1_A6N-13N-62-S315^2019-08-01,A6N-13N-62-S315^2019-08-01,Facturacion Arriendo Inmueble,2022-02-01,310000,
364,1,2022-10-12 17:45:48.702330+00:00,1,Facturacion Arriendo Inmueble^2022-3-1_A6N-13N-62-S315^2019-08-01,A6N-13N-62-S315^2019-08-01,Facturacion Arriendo Inmueble,2022-03-01,310000,
365,1,2022-10-12 17:45:48.792451+00:00,1,Facturacion Arriendo Inmueble^2022-4-1_A6N-13N-62-S315^2019-08-01,A6N-13N-62-S315^2019-08-01,Facturacion Arriendo Inmueble,2022-04-01,310000,
366,1,2022-10-12 17:45:48.870380+00:00,1,Facturacion Arriendo Inmueble^2022-5-1_A6N-13N-62-S315^2019-08-01,A6N-13N-62-S315^2019-08-01,Facturacion Arriendo Inmueble,2022-05-01,310000,
367,1,2022-10-12 17:45:48.971097+00:00,1,Facturacion Arriendo Inmueble^2022-6-1_A6N-13N-62-S315^2019-08-01,A6N-13N-62-S315^2019-08-01,Facturacion Arriendo Inmueble,2022-06-01,299667,
368,1,2022-10-12 17:45:49.057292+00:00,1,Facturacion Arriendo Inmueble^2022-6-3_A6N-13N-62-S317^2022-06-01,A6N-13N-62-S317^2022-06-01,Facturacion Arriendo Inmueble,2022-06-03,364000,
369,1,2022-10-12 17:45:49.164015+00:00,1,Facturacion Arriendo Inmueble^2022-7-1_A6N-13N-62-S317^2022-06-01,A6N-13N-62-S317^2022-06-01,Facturacion Arriendo Inmueble,2022-07-01,390000,
370,1,2022-10-12 17:45:49.252352+00:00,1,Facturacion Arriendo Inmueble^2022-8-1_A6N-13N-62-S317^2022-06-01,A6N-13N-62-S317^2022-06-01,Facturacion Arriendo Inmueble,2022-08-01,390000,
371,1,2022-10-12 17:45:49.335095+00:00,1,Facturacion Arriendo Inmueble^2022-9-1_A6N-13N-62-S317^2022-06-01,A6N-13N-62-S317^2022-06-01,Facturacion Arriendo Inmueble,2022-09-01,390000,
372,1,2022-10-12 17:45:49.421571+00:00,1,Facturacion Arriendo Inmueble^2022-10-1_A6N-13N-62-S317^2022-06-01,A6N-13N-62-S317^2022-06-01,Facturacion Arriendo Inmueble,2022-10-01,390000,
373,1,2022-10-12 17:45:49.462634+00:00,1,Facturacion Arriendo Inmueble^2022-1-1_A6N-13N-62-S318^2021-08-01,A6N-13N-62-S318^2021-08-01,Facturacion Arriendo Inmueble,2022-01-01,290000,
374,1,2022-10-12 17:45:49.527889+00:00,1,Facturacion Arriendo Inmueble^2022-2-1_A6N-13N-62-S318^2021-08-01,A6N-13N-62-S318^2021-08-01,Facturacion Arriendo Inmueble,2022-02-01,290000,
375,1,2022-10-12 17:45:49.599497+00:00,1,Facturacion Arriendo Inmueble^2022-3-1_A6N-13N-62-S318^2021-08-01,A6N-13N-62-S318^2021-08-01,Facturacion Arriendo Inmueble,2022-03-01,290000,
376,1,2022-10-12 17:45:49.711440+00:00,1,Facturacion Arriendo Inmueble^2022-4-1_A6N-13N-62-S318^2021-08-01,A6N-13N-62-S318^2021-08-01,Facturacion Arriendo Inmueble,2022-04-01,290000,
377,1,2022-10-12 17:45:49.804422+00:00,1,Facturacion Arriendo Inmueble^2022-5-1_A6N-13N-62-S318^2021-08-01,A6N-13N-62-S318^2021-08-01,Facturacion Arriendo Inmueble,2022-05-01,290000,
378,1,2022-10-12 17:45:49.885827+00:00,1,Facturacion Arriendo Inmueble^2022-6-1_A6N-13N-62-S318^2021-08-01,A6N-13N-62-S318^2021-08-01,Facturacion Arriendo Inmueble,2022-06-01,290000,
379,1,2022-10-12 17:45:49.977542+00:00,1,Facturacion Arriendo Inmueble^2022-7-1_A6N-13N-62-S318^2021-08-01,A6N-13N-62-S318^2021-08-01,Facturacion Arriendo Inmueble,2022-07-01,290000,
380,1,2022-10-12 17:45:50.051437+00:00,1,Facturacion Arriendo Inmueble^2022-8-1_A6N-13N-62-S318^2021-08-01,A6N-13N-62-S318^2021-08-01,Facturacion Arriendo Inmueble,2022-08-01,323000,
381,1,2022-10-12 17:45:50.123571+00:00,1,Facturacion Arriendo Inmueble^2022-9-1_A6N-13N-62-S318^2021-08-01,A6N-13N-62-S318^2021-08-01,Facturacion Arriendo Inmueble,2022-09-01,323000,
382,1,2022-10-12 17:45:50.195151+00:00,1,Facturacion Arriendo Inmueble^2022-10-1_A6N-13N-62-S318^2021-08-01,A6N-13N-62-S318^2021-08-01,Facturacion Arriendo Inmueble,2022-10-01,323000,
383,1,2022-10-12 17:45:50.270727+00:00,1,Facturacion Arriendo Inmueble^2022-1-1_A6N-13N-62-S319^2021-08-01,A6N-13N-62-S319^2021-08-01,Facturacion Arriendo Inmueble,2022-01-01,470000,
384,1,2022-10-12 17:45:50.359642+00:00,1,Facturacion Arriendo Inmueble^2022-2-1_A6N-13N-62-S319^2021-08-01,A6N-13N-62-S319^2021-08-01,Facturacion Arriendo Inmueble,2022-02-01,470000,
385,1,2022-10-12 17:45:50.457860+00:00,1,Facturacion Arriendo Inmueble^2022-3-1_A6N-13N-62-S319^2021-08-01,A6N-13N-62-S319^2021-08-01,Facturacion Arriendo Inmueble,2022-03-01,470000,
386,1,2022-10-12 17:45:50.534875+00:00,1,Facturacion Arriendo Inmueble^2022-4-1_A6N-13N-62-S319^2021-08-01,A6N-13N-62-S319^2021-08-01,Facturacion Arriendo Inmueble,2022-04-01,470000,
387,1,2022-10-12 17:45:50.610751+00:00,1,Facturacion Arriendo Inmueble^2022-5-1_A6N-13N-62-S319^2021-08-01,A6N-13N-62-S319^2021-08-01,Facturacion Arriendo Inmueble,2022-05-01,470000,
388,1,2022-10-12 17:45:50.685403+00:00,1,Facturacion Arriendo Inmueble^2022-6-1_A6N-13N-62-S319^2021-08-01,A6N-13N-62-S319^2021-08-01,Facturacion Arriendo Inmueble,2022-06-01,470000,
389,1,2022-10-12 17:45:50.770859+00:00,1,Facturacion Arriendo Inmueble^2022-7-1_A6N-13N-62-S319^2021-08-01,A6N-13N-62-S319^2021-08-01,Facturacion Arriendo Inmueble,2022-07-01,470000,
390,1,2022-10-12 17:45:50.844080+00:00,1,Facturacion Arriendo Inmueble^2022-8-1_A6N-13N-62-S319^2021-08-01,A6N-13N-62-S319^2021-08-01,Facturacion Arriendo Inmueble,2022-08-01,524000,
391,1,2022-10-12 17:45:50.917111+00:00,1,Facturacion Arriendo Inmueble^2022-9-1_A6N-13N-62-S319^2021-08-01,A6N-13N-62-S319^2021-08-01,Facturacion Arriendo Inmueble,2022-09-01,524000,
392,1,2022-10-12 17:45:50.988448+00:00,1,Facturacion Arriendo Inmueble^2022-10-1_A6N-13N-62-S319^2021-08-01,A6N-13N-62-S319^2021-08-01,Facturacion Arriendo Inmueble,2022-10-01,524000,
393,1,2022-10-12 17:45:51.071896+00:00,1,Facturacion Arriendo Inmueble^2022-1-13_A6N-13N-62-S321^1996-08-13,A6N-13N-62-S321^1996-08-13,Facturacion Arriendo Inmueble,2022-01-13,347000,
394,1,2022-10-12 17:45:51.149413+00:00,1,Facturacion Arriendo Inmueble^2022-2-13_A6N-13N-62-S321^1996-08-13,A6N-13N-62-S321^1996-08-13,Facturacion Arriendo Inmueble,2022-02-13,347000,
395,1,2022-10-12 17:45:51.227646+00:00,1,Facturacion Arriendo Inmueble^2022-3-13_A6N-13N-62-S321^1996-08-13,A6N-13N-62-S321^1996-08-13,Facturacion Arriendo Inmueble,2022-03-13,347000,
396,1,2022-10-12 17:45:51.306879+00:00,1,Facturacion Arriendo Inmueble^2022-4-13_A6N-13N-62-S321^1996-08-13,A6N-13N-62-S321^1996-08-13,Facturacion Arriendo Inmueble,2022-04-13,347000,
397,1,2022-10-12 17:45:51.405458+00:00,1,Facturacion Arriendo Inmueble^2022-5-13_A6N-13N-62-S321^1996-08-13,A6N-13N-62-S321^1996-08-13,Facturacion Arriendo Inmueble,2022-05-13,347000,
398,1,2022-10-12 17:45:51.487015+00:00,1,Facturacion Arriendo Inmueble^2022-6-13_A6N-13N-62-S321^1996-08-13,A6N-13N-62-S321^1996-08-13,Facturacion Arriendo Inmueble,2022-06-13,347000,
399,1,2022-10-12 17:45:51.584906+00:00,1,Facturacion Arriendo Inmueble^2022-7-13_A6N-13N-62-S321^1996-08-13,A6N-13N-62-S321^1996-08-13,Facturacion Arriendo Inmueble,2022-07-13,347000,
400,1,2022-10-12 17:45:51.683914+00:00,1,Facturacion Arriendo Inmueble^2022-8-13_A6N-13N-62-S321^1996-08-13,A6N-13N-62-S321^1996-08-13,Facturacion Arriendo Inmueble,2022-08-13,372000,
401,1,2022-10-12 17:45:51.774463+00:00,1,Facturacion Arriendo Inmueble^2022-9-13_A6N-13N-62-S321^1996-08-13,A6N-13N-62-S321^1996-08-13,Facturacion Arriendo Inmueble,2022-09-13,372000,
402,1,2022-10-12 17:45:51.854762+00:00,1,Facturacion Arriendo Inmueble^2022-1-1_A6N-13N-62-S322^2021-01-01,A6N-13N-62-S322^2021-01-01,Facturacion Arriendo Inmueble,2022-01-01,480000,
403,1,2022-10-12 17:45:51.952716+00:00,1,Facturacion Arriendo Inmueble^2022-2-1_A6N-13N-62-S322^2021-01-01,A6N-13N-62-S322^2021-01-01,Facturacion Arriendo Inmueble,2022-02-01,480000,
404,1,2022-10-12 17:45:52.025414+00:00,1,Facturacion Arriendo Inmueble^2022-3-1_A6N-13N-62-S322^2021-01-01,A6N-13N-62-S322^2021-01-01,Facturacion Arriendo Inmueble,2022-03-01,480000,
405,1,2022-10-12 17:45:52.102601+00:00,1,Facturacion Arriendo Inmueble^2022-4-1_A6N-13N-62-S322^2021-01-01,A6N-13N-62-S322^2021-01-01,Facturacion Arriendo Inmueble,2022-04-01,480000,
406,1,2022-10-12 17:45:52.194005+00:00,1,Facturacion Arriendo Inmueble^2022-5-1_A6N-13N-62-S322^2021-01-01,A6N-13N-62-S322^2021-01-01,Facturacion Arriendo Inmueble,2022-05-01,480000,
407,1,2022-10-12 17:45:52.289621+00:00,1,Facturacion Arriendo Inmueble^2022-6-1_A6N-13N-62-S322^2021-01-01,A6N-13N-62-S322^2021-01-01,Facturacion Arriendo Inmueble,2022-06-01,480000,
408,1,2022-10-12 17:45:52.369878+00:00,1,Facturacion Arriendo Inmueble^2022-7-1_A6N-13N-62-S322^2021-01-01,A6N-13N-62-S322^2021-01-01,Facturacion Arriendo Inmueble,2022-07-01,480000,
409,1,2022-10-12 17:45:52.467754+00:00,1,Facturacion Arriendo Inmueble^2022-8-1_A6N-13N-62-S322^2021-01-01,A6N-13N-62-S322^2021-01-01,Facturacion Arriendo Inmueble,2022-08-01,480000,
410,1,2022-10-12 17:45:52.546029+00:00,1,Facturacion Arriendo Inmueble^2022-9-1_A6N-13N-62-S322^2021-01-01,A6N-13N-62-S322^2021-01-01,Facturacion Arriendo Inmueble,2022-09-01,480000,
411,1,2022-10-12 17:45:52.643704+00:00,1,Facturacion Arriendo Inmueble^2022-10-1_A6N-13N-62-S322^2021-01-01,A6N-13N-62-S322^2021-01-01,Facturacion Arriendo Inmueble,2022-10-01,480000,
412,1,2022-10-12 17:45:52.718727+00:00,1,Facturacion Arriendo Inmueble^2022-1-1_A6N-13N-66^2019-04-01,A6N-13N-66^2019-04-01,Facturacion Arriendo Inmueble,2022-01-01,730000,
413,1,2022-10-12 17:45:52.793307+00:00,1,Facturacion Arriendo Inmueble^2022-2-1_A6N-13N-66^2019-04-01,A6N-13N-66^2019-04-01,Facturacion Arriendo Inmueble,2022-02-01,730000,
414,1,2022-10-12 17:45:52.870057+00:00,1,Facturacion Arriendo Inmueble^2022-3-1_A6N-13N-66^2019-04-01,A6N-13N-66^2019-04-01,Facturacion Arriendo Inmueble,2022-03-01,730000,
415,1,2022-10-12 17:45:52.959252+00:00,1,Facturacion Arriendo Inmueble^2022-4-1_A6N-13N-66^2019-04-01,A6N-13N-66^2019-04-01,Facturacion Arriendo Inmueble,2022-04-01,790000,
416,1,2022-10-12 17:45:53.050580+00:00,1,Facturacion Arriendo Inmueble^2022-5-1_A6N-13N-66^2019-04-01,A6N-13N-66^2019-04-01,Facturacion Arriendo Inmueble,2022-05-01,790000,
417,1,2022-10-12 17:45:53.122100+00:00,1,Facturacion Arriendo Inmueble^2022-6-1_A6N-13N-66^2019-04-01,A6N-13N-66^2019-04-01,Facturacion Arriendo Inmueble,2022-06-01,790000,
418,1,2022-10-12 17:45:53.195326+00:00,1,Facturacion Arriendo Inmueble^2022-7-1_A6N-13N-66^2019-04-01,A6N-13N-66^2019-04-01,Facturacion Arriendo Inmueble,2022-07-01,790000,
419,1,2022-10-12 17:45:53.291427+00:00,1,Facturacion Arriendo Inmueble^2022-8-1_A6N-13N-66^2019-04-01,A6N-13N-66^2019-04-01,Facturacion Arriendo Inmueble,2022-08-01,790000,
420,1,2022-10-12 17:45:53.393099+00:00,1,Facturacion Arriendo Inmueble^2022-9-1_A6N-13N-66^2019-04-01,A6N-13N-66^2019-04-01,Facturacion Arriendo Inmueble,2022-09-01,790000,
421,1,2022-10-12 17:45:53.472961+00:00,1,Facturacion Arriendo Inmueble^2022-10-1_A6N-13N-66^2019-04-01,A6N-13N-66^2019-04-01,Facturacion Arriendo Inmueble,2022-10-01,790000,
422,1,2022-10-12 17:45:53.564409+00:00,1,Facturacion Arriendo Inmueble^2022-1-1_A6N-13N-68^1999-02-01,A6N-13N-68^1999-02-01,Facturacion Arriendo Inmueble,2022-01-01,2600000,
423,1,2022-10-12 17:45:53.651056+00:00,1,Facturacion Arriendo Inmueble^2022-2-1_A6N-13N-68^1999-02-01,A6N-13N-68^1999-02-01,Facturacion Arriendo Inmueble,2022-02-01,2720000,
424,1,2022-10-12 17:45:53.731028+00:00,1,Facturacion Arriendo Inmueble^2022-3-1_A6N-13N-68^1999-02-01,A6N-13N-68^1999-02-01,Facturacion Arriendo Inmueble,2022-03-01,2720000,
425,1,2022-10-12 17:45:53.783058+00:00,1,Facturacion Arriendo Inmueble^2022-4-1_A6N-13N-68^1999-02-01,A6N-13N-68^1999-02-01,Facturacion Arriendo Inmueble,2022-04-01,2720000,
426,1,2022-10-12 17:45:53.820356+00:00,1,Facturacion Arriendo Inmueble^2022-5-1_A6N-13N-68^1999-02-01,A6N-13N-68^1999-02-01,Facturacion Arriendo Inmueble,2022-05-01,2720000,
427,1,2022-10-12 17:45:53.920755+00:00,1,Facturacion Arriendo Inmueble^2022-6-1_A6N-13N-68^1999-02-01,A6N-13N-68^1999-02-01,Facturacion Arriendo Inmueble,2022-06-01,2720000,
428,1,2022-10-12 17:45:54.010795+00:00,1,Facturacion Arriendo Inmueble^2022-7-1_A6N-13N-68^1999-02-01,A6N-13N-68^1999-02-01,Facturacion Arriendo Inmueble,2022-07-01,2720000,
429,1,2022-10-12 17:45:54.082640+00:00,1,Facturacion Arriendo Inmueble^2022-8-1_A6N-13N-68^1999-02-01,A6N-13N-68^1999-02-01,Facturacion Arriendo Inmueble,2022-08-01,2720000,
430,1,2022-10-12 17:45:54.162233+00:00,1,Facturacion Arriendo Inmueble^2022-9-1_A6N-13N-68^1999-02-01,A6N-13N-68^1999-02-01,Facturacion Arriendo Inmueble,2022-09-01,2720000,
431,1,2022-10-12 17:45:54.234286+00:00,1,Facturacion Arriendo Inmueble^2022-10-1_A6N-13N-68^1999-02-01,A6N-13N-68^1999-02-01,Facturacion Arriendo Inmueble,2022-10-01,2720000,
432,1,2022-10-12 17:45:54.317649+00:00,1,Facturacion Arriendo Inmueble^2022-9-17_A6N-13N-62-S301^2022-10-01,A6N-13N-62-S301^2022-10-01,Facturacion Arriendo Inmueble,2022-09-17,415333,
433,1,2022-10-12 17:45:54.415356+00:00,1,Facturacion Arriendo Inmueble^2022-10-1_A6N-13N-62-S301^2022-10-01,A6N-13N-62-S301^2022-10-01,Facturacion Arriendo Inmueble,2022-10-01,890000,
434,1,2022-10-12 17:45:54.518310+00:00,1,Facturacion Arriendo Inmueble^2022-9-22_A6N-13N-62-S202^2022-10-01,A6N-13N-62-S202^2022-10-01,Facturacion Arriendo Inmueble,2022-09-22,210000,
435,1,2022-10-12 17:45:54.602566+00:00,1,Facturacion Arriendo Inmueble^2022-10-1_A6N-13N-62-S202^2022-10-01,A6N-13N-62-S202^2022-10-01,Facturacion Arriendo Inmueble,2022-10-01,700000,
436,1,2022-10-12 17:48:04.470037+00:00,1,Ingreso Arriendo Inmueble^2021-1-25_A6N-13N-62-O1^2015-01-01,A6N-13N-62-O1^2015-01-01,Ingreso Arriendo Inmueble,2021-01-25,1065000,
437,1,2022-10-12 18:43:57.214676+00:00,1,Ingreso Arriendo Inmueble^2022-1-25_A6N-13N-62-O1^2015-01-01,A6N-13N-62-O1^2015-01-01,Ingreso Arriendo Inmueble,2022-01-25,1065000,
438,1,2022-10-12 18:43:57.358368+00:00,1,Ingreso Arriendo Inmueble^2022-2-14_A6N-13N-62-O1^2015-01-01,A6N-13N-62-O1^2015-01-01,Ingreso Arriendo Inmueble,2022-02-14,1065000,
439,1,2022-10-12 18:43:57.493142+00:00,1,Ingreso Arriendo Inmueble^2022-3-23_A6N-13N-62-O1^2015-01-01,A6N-13N-62-O1^2015-01-01,Ingreso Arriendo Inmueble,2022-03-23,1065000,
440,1,2022-10-12 18:43:57.633812+00:00,1,Ingreso Arriendo Inmueble^2022-4-13_A6N-13N-62-O1^2015-01-01,A6N-13N-62-O1^2015-01-01,Ingreso Arriendo Inmueble,2022-04-13,1065000,
441,1,2022-10-12 18:43:57.769810+00:00,1,Ingreso Arriendo Inmueble^2022-5-5_A6N-13N-62-O1^2015-01-01,A6N-13N-62-O1^2015-01-01,Ingreso Arriendo Inmueble,2022-05-05,1065000,
442,1,2022-10-12 18:43:57.935152+00:00,1,Ingreso Arriendo Inmueble^2022-6-29_A6N-13N-62-O1^2015-01-01,A6N-13N-62-O1^2015-01-01,Ingreso Arriendo Inmueble,2022-06-29,1065000,
443,1,2022-10-12 18:43:58.074335+00:00,1,Ingreso Arriendo Inmueble^2022-7-25_A6N-13N-62-O1^2015-01-01,A6N-13N-62-O1^2015-01-01,Ingreso Arriendo Inmueble,2022-07-25,1065000,
444,1,2022-10-12 18:43:58.258054+00:00,1,Ingreso Arriendo Inmueble^2022-8-31_A6N-13N-62-O1^2015-01-01,A6N-13N-62-O1^2015-01-01,Ingreso Arriendo Inmueble,2022-08-31,1065000,
445,1,2022-10-12 18:43:58.533011+00:00,1,Ingreso Arriendo Inmueble^2022-10-6_A6N-13N-62-O1^2015-01-01,A6N-13N-62-O1^2015-01-01,Ingreso Arriendo Inmueble,2022-10-06,1065000,
446,1,2022-10-12 18:43:58.669146+00:00,1,Ingreso Arriendo Inmueble^2022-1-18_A6N-13N-68^1999-02-01,A6N-13N-68^1999-02-01,Ingreso Arriendo Inmueble,2022-01-18,800000,
447,1,2022-10-12 18:43:58.797155+00:00,1,Ingreso Arriendo Inmueble^2022-1-25_A6N-13N-68^1999-02-01,A6N-13N-68^1999-02-01,Ingreso Arriendo Inmueble,2022-01-25,750000,
448,1,2022-10-12 18:43:58.944334+00:00,1,Ingreso Arriendo Inmueble^2022-1-26_A6N-13N-68^1999-02-01,A6N-13N-68^1999-02-01,Ingreso Arriendo Inmueble,2022-01-26,200000,
449,1,2022-10-12 18:43:59.078722+00:00,1,Ingreso Arriendo Inmueble^2022-1-28_A6N-13N-68^1999-02-01,A6N-13N-68^1999-02-01,Ingreso Arriendo Inmueble,2022-01-28,850000,
450,1,2022-10-12 18:43:59.242408+00:00,1,Ingreso Arriendo Inmueble^2022-2-14_A6N-13N-68^1999-02-01,A6N-13N-68^1999-02-01,Ingreso Arriendo Inmueble,2022-02-14,700000,
451,1,2022-10-12 18:43:59.384775+00:00,1,Ingreso Arriendo Inmueble^2022-2-22_A6N-13N-68^1999-02-01,A6N-13N-68^1999-02-01,Ingreso Arriendo Inmueble,2022-02-22,1500000,
452,1,2022-10-12 18:43:59.535166+00:00,1,Ingreso Arriendo Inmueble^2022-2-28_A6N-13N-68^1999-02-01,A6N-13N-68^1999-02-01,Ingreso Arriendo Inmueble,2022-02-28,250000,
453,1,2022-10-12 18:43:59.678871+00:00,1,Ingreso Arriendo Inmueble^2022-3-2_A6N-13N-68^1999-02-01,A6N-13N-68^1999-02-01,Ingreso Arriendo Inmueble,2022-03-02,270000,
454,1,2022-10-12 18:43:59.830902+00:00,1,Ingreso Arriendo Inmueble^2022-3-23_A6N-13N-68^1999-02-01,A6N-13N-68^1999-02-01,Ingreso Arriendo Inmueble,2022-03-23,2000000,
455,1,2022-10-12 18:43:59.961458+00:00,1,Ingreso Arriendo Inmueble^2022-3-31_A6N-13N-68^1999-02-01,A6N-13N-68^1999-02-01,Ingreso Arriendo Inmueble,2022-03-31,720000,
456,1,2022-10-12 18:44:00.108602+00:00,1,Ingreso Arriendo Inmueble^2022-4-22_A6N-13N-68^1999-02-01,A6N-13N-68^1999-02-01,Ingreso Arriendo Inmueble,2022-04-22,2000000,
457,1,2022-10-12 18:44:00.241946+00:00,1,Ingreso Arriendo Inmueble^2022-5-5_A6N-13N-68^1999-02-01,A6N-13N-68^1999-02-01,Ingreso Arriendo Inmueble,2022-05-05,720000,
458,1,2022-10-12 18:44:00.363650+00:00,1,Ingreso Arriendo Inmueble^2022-5-23_A6N-13N-68^1999-02-01,A6N-13N-68^1999-02-01,Ingreso Arriendo Inmueble,2022-05-23,1800000,
459,1,2022-10-12 18:44:00.489565+00:00,1,Ingreso Arriendo Inmueble^2022-6-3_A6N-13N-68^1999-02-01,A6N-13N-68^1999-02-01,Ingreso Arriendo Inmueble,2022-06-03,920000,
460,1,2022-10-12 18:44:00.630326+00:00,1,Ingreso Arriendo Inmueble^2022-6-29_A6N-13N-68^1999-02-01,A6N-13N-68^1999-02-01,Ingreso Arriendo Inmueble,2022-06-29,1350000,
461,1,2022-10-12 18:44:00.753595+00:00,1,Ingreso Arriendo Inmueble^2022-7-8_A6N-13N-68^1999-02-01,A6N-13N-68^1999-02-01,Ingreso Arriendo Inmueble,2022-07-08,1370000,
462,1,2022-10-12 18:44:00.876292+00:00,1,Ingreso Arriendo Inmueble^2022-7-25_A6N-13N-68^1999-02-01,A6N-13N-68^1999-02-01,Ingreso Arriendo Inmueble,2022-07-25,2000000,
463,1,2022-10-12 18:44:01.025385+00:00,1,Ingreso Arriendo Inmueble^2022-8-3_A6N-13N-68^1999-02-01,A6N-13N-68^1999-02-01,Ingreso Arriendo Inmueble,2022-08-03,720000,
464,1,2022-10-12 18:44:01.096359+00:00,1,Ingreso Arriendo Inmueble^2022-8-24_A6N-13N-68^1999-02-01,A6N-13N-68^1999-02-01,Ingreso Arriendo Inmueble,2022-08-24,1000000,
465,1,2022-10-12 18:44:01.220886+00:00,1,Ingreso Arriendo Inmueble^2022-8-26_A6N-13N-68^1999-02-01,A6N-13N-68^1999-02-01,Ingreso Arriendo Inmueble,2022-08-26,1500000,
466,1,2022-10-12 18:44:01.397740+00:00,1,Ingreso Arriendo Inmueble^2022-8-28_A6N-13N-68^1999-02-01,A6N-13N-68^1999-02-01,Ingreso Arriendo Inmueble,2022-08-28,220000,
467,1,2022-10-12 18:44:01.558690+00:00,1,Ingreso Arriendo Inmueble^2022-9-14_A6N-13N-68^1999-02-01,A6N-13N-68^1999-02-01,Ingreso Arriendo Inmueble,2022-09-14,1000000,
468,1,2022-10-12 18:44:01.816070+00:00,1,Ingreso Arriendo Inmueble^2022-9-20_A6N-13N-68^1999-02-01,A6N-13N-68^1999-02-01,Ingreso Arriendo Inmueble,2022-09-20,200000,
469,1,2022-10-12 18:44:01.945367+00:00,1,Ingreso Arriendo Inmueble^2022-9-30_A6N-13N-68^1999-02-01,A6N-13N-68^1999-02-01,Ingreso Arriendo Inmueble,2022-09-30,500000,
470,1,2022-10-12 18:44:02.095674+00:00,1,Ingreso Arriendo Inmueble^2022-1-14_A6N-13N-66^2019-04-01,A6N-13N-66^2019-04-01,Ingreso Arriendo Inmueble,2022-01-14,730000,
471,1,2022-10-12 18:44:02.226474+00:00,1,Ingreso Arriendo Inmueble^2022-2-14_A6N-13N-66^2019-04-01,A6N-13N-66^2019-04-01,Ingreso Arriendo Inmueble,2022-02-14,730000,
472,1,2022-10-12 18:44:02.351291+00:00,1,Ingreso Arriendo Inmueble^2022-3-11_A6N-13N-66^2019-04-01,A6N-13N-66^2019-04-01,Ingreso Arriendo Inmueble,2022-03-11,730000,
473,1,2022-10-12 18:44:02.509533+00:00,1,Ingreso Arriendo Inmueble^2022-4-19_A6N-13N-66^2019-04-01,A6N-13N-66^2019-04-01,Ingreso Arriendo Inmueble,2022-04-19,790000,
474,1,2022-10-12 18:44:02.671140+00:00,1,Ingreso Arriendo Inmueble^2022-5-23_A6N-13N-66^2019-04-01,A6N-13N-66^2019-04-01,Ingreso Arriendo Inmueble,2022-05-23,790000,
475,1,2022-10-12 18:44:02.813234+00:00,1,Ingreso Arriendo Inmueble^2022-6-14_A6N-13N-66^2019-04-01,A6N-13N-66^2019-04-01,Ingreso Arriendo Inmueble,2022-06-14,790000,
476,1,2022-10-12 18:44:02.960833+00:00,1,Ingreso Arriendo Inmueble^2022-7-15_A6N-13N-66^2019-04-01,A6N-13N-66^2019-04-01,Ingreso Arriendo Inmueble,2022-07-15,790000,
477,1,2022-10-12 18:44:03.112122+00:00,1,Ingreso Arriendo Inmueble^2022-8-9_A6N-13N-66^2019-04-01,A6N-13N-66^2019-04-01,Ingreso Arriendo Inmueble,2022-08-09,700000,
478,1,2022-10-12 18:44:03.243711+00:00,1,Ingreso Arriendo Inmueble^2022-8-16_A6N-13N-66^2019-04-01,A6N-13N-66^2019-04-01,Ingreso Arriendo Inmueble,2022-08-16,90000,
479,1,2022-10-12 18:44:03.378249+00:00,1,Ingreso Arriendo Inmueble^2022-9-14_A6N-13N-66^2019-04-01,A6N-13N-66^2019-04-01,Ingreso Arriendo Inmueble,2022-09-14,790000,
480,1,2022-10-12 18:44:03.545039+00:00,1,Ingreso Arriendo Inmueble^2022-2-15_A6N-13N-62-S101^2021-04-01,A6N-13N-62-S101^2021-04-01,Ingreso Arriendo Inmueble,2022-02-15,2200000,
481,1,2022-10-12 18:44:03.683920+00:00,1,Ingreso Arriendo Inmueble^2022-3-25_A6N-13N-62-S101^2021-04-01,A6N-13N-62-S101^2021-04-01,Ingreso Arriendo Inmueble,2022-03-25,1100000,
482,1,2022-10-12 18:44:03.812335+00:00,1,Ingreso Arriendo Inmueble^2022-4-26_A6N-13N-62-S101^2021-04-01,A6N-13N-62-S101^2021-04-01,Ingreso Arriendo Inmueble,2022-04-26,1190000,
483,1,2022-10-12 18:44:03.949526+00:00,1,Ingreso Arriendo Inmueble^2022-6-1_A6N-13N-62-S101^2021-04-01,A6N-13N-62-S101^2021-04-01,Ingreso Arriendo Inmueble,2022-06-01,1190000,
484,1,2022-10-12 18:44:04.086225+00:00,1,Ingreso Arriendo Inmueble^2022-6-28_A6N-13N-62-S101^2021-04-01,A6N-13N-62-S101^2021-04-01,Ingreso Arriendo Inmueble,2022-06-28,1190000,
485,1,2022-10-12 18:44:04.228931+00:00,1,Ingreso Arriendo Inmueble^2022-7-27_A6N-13N-62-S101^2021-04-01,A6N-13N-62-S101^2021-04-01,Ingreso Arriendo Inmueble,2022-07-27,1190000,
486,1,2022-10-12 18:44:04.370912+00:00,1,Ingreso Arriendo Inmueble^2022-8-25_A6N-13N-62-S101^2021-04-01,A6N-13N-62-S101^2021-04-01,Ingreso Arriendo Inmueble,2022-08-25,1190000,
487,1,2022-10-12 18:44:04.495627+00:00,1,Ingreso Arriendo Inmueble^2022-9-15_A6N-13N-62-S101^2021-04-01,A6N-13N-62-S101^2021-04-01,Ingreso Arriendo Inmueble,2022-09-15,1190000,
488,1,2022-10-12 18:44:04.624654+00:00,1,Ingreso Arriendo Inmueble^2022-1-14_A6N-13N-62-S102^2021-10-01,A6N-13N-62-S102^2021-10-01,Ingreso Arriendo Inmueble,2022-01-14,940000,
489,1,2022-10-12 18:44:04.750640+00:00,1,Ingreso Arriendo Inmueble^2022-2-10_A6N-13N-62-S102^2021-10-01,A6N-13N-62-S102^2021-10-01,Ingreso Arriendo Inmueble,2022-02-10,940000,
490,1,2022-10-12 18:44:04.937041+00:00,1,Ingreso Arriendo Inmueble^2022-3-8_A6N-13N-62-S102^2021-10-01,A6N-13N-62-S102^2021-10-01,Ingreso Arriendo Inmueble,2022-03-08,940000,
491,1,2022-10-12 18:44:05.098174+00:00,1,Ingreso Arriendo Inmueble^2022-4-6_A6N-13N-62-S102^2021-10-01,A6N-13N-62-S102^2021-10-01,Ingreso Arriendo Inmueble,2022-04-06,940000,
492,1,2022-10-12 18:44:05.217112+00:00,1,Ingreso Arriendo Inmueble^2022-5-11_A6N-13N-62-S102^2021-10-01,A6N-13N-62-S102^2021-10-01,Ingreso Arriendo Inmueble,2022-05-11,940000,
493,1,2022-10-12 18:44:05.305125+00:00,1,Ingreso Arriendo Inmueble^2022-6-9_A6N-13N-62-S102^2021-10-01,A6N-13N-62-S102^2021-10-01,Ingreso Arriendo Inmueble,2022-06-09,940000,
494,1,2022-10-12 18:44:05.518913+00:00,1,Ingreso Arriendo Inmueble^2022-7-5_A6N-13N-62-S102^2021-10-01,A6N-13N-62-S102^2021-10-01,Ingreso Arriendo Inmueble,2022-07-05,940000,
495,1,2022-10-12 18:44:05.667664+00:00,1,Ingreso Arriendo Inmueble^2022-8-8_A6N-13N-62-S102^2021-10-01,A6N-13N-62-S102^2021-10-01,Ingreso Arriendo Inmueble,2022-08-08,940000,
496,1,2022-10-12 18:44:05.800938+00:00,1,Ingreso Arriendo Inmueble^2022-9-14_A6N-13N-62-S102^2021-10-01,A6N-13N-62-S102^2021-10-01,Ingreso Arriendo Inmueble,2022-09-14,940000,
497,1,2022-10-12 18:44:05.937094+00:00,1,Ingreso Arriendo Inmueble^2022-1-13_A6N-13N-62-S103^2020-06-01,A6N-13N-62-S103^2020-06-01,Ingreso Arriendo Inmueble,2022-01-13,790000,
498,1,2022-10-12 18:44:06.077054+00:00,1,Ingreso Arriendo Inmueble^2022-2-3_A6N-13N-62-S103^2020-06-01,A6N-13N-62-S103^2020-06-01,Ingreso Arriendo Inmueble,2022-02-03,790000,
499,1,2022-10-12 18:44:06.207956+00:00,1,Ingreso Arriendo Inmueble^2022-3-7_A6N-13N-62-S103^2020-06-01,A6N-13N-62-S103^2020-06-01,Ingreso Arriendo Inmueble,2022-03-07,790000,
500,1,2022-10-12 18:44:06.337896+00:00,1,Ingreso Arriendo Inmueble^2022-4-5_A6N-13N-62-S103^2020-06-01,A6N-13N-62-S103^2020-06-01,Ingreso Arriendo Inmueble,2022-04-05,790000,
501,1,2022-10-12 18:44:06.479358+00:00,1,Ingreso Arriendo Inmueble^2022-5-3_A6N-13N-62-S103^2022-05-01,A6N-13N-62-S103^2022-05-01,Ingreso Arriendo Inmueble,2022-05-03,790000,
502,1,2022-10-12 18:44:06.616105+00:00,1,Ingreso Arriendo Inmueble^2022-6-7_A6N-13N-62-S103^2022-05-01,A6N-13N-62-S103^2022-05-01,Ingreso Arriendo Inmueble,2022-06-07,790000,
503,1,2022-10-12 18:44:06.768688+00:00,1,Ingreso Arriendo Inmueble^2022-7-27_A6N-13N-62-S103^2022-05-01,A6N-13N-62-S103^2022-05-01,Ingreso Arriendo Inmueble,2022-07-27,790000,
504,1,2022-10-12 18:44:06.905471+00:00,1,Ingreso Arriendo Inmueble^2022-8-5_A6N-13N-62-S103^2022-05-01,A6N-13N-62-S103^2022-05-01,Ingreso Arriendo Inmueble,2022-08-05,790000,
505,1,2022-10-12 18:44:07.051153+00:00,1,Ingreso Arriendo Inmueble^2022-9-5_A6N-13N-62-S103^2022-05-01,A6N-13N-62-S103^2022-05-01,Ingreso Arriendo Inmueble,2022-09-05,790000,
506,1,2022-10-12 18:44:07.185710+00:00,1,Ingreso Arriendo Inmueble^2022-10-3_A6N-13N-62-S103^2022-05-01,A6N-13N-62-S103^2022-05-01,Ingreso Arriendo Inmueble,2022-10-03,790000,
507,1,2022-10-12 21:33:37.982300+00:00,1,Causacion Arriendo Inmueble^2021-12-1_K1-17-57^2001-09-01,K1-17-57^2001-09-01,Causacion Arriendo Inmueble,2021-12-01,2450000,
