,state_change_user_id,state_change_date,state,code,accountable_id,transaction_type_id,date,value,value_relation_id
0,1,2022-11-22 07:28:38.866996+00:00,1,Canon Mensual Arriendo Inmueble^2022-01-01_A6N-13N-62-S110^2021-09-01,A6N-13N-62-S110^2021-09-01,Canon Mensual Arriendo Inmueble,2022-01-01,530000,15
1,1,2022-11-22 07:28:38.867028+00:00,1,Canon Mensual Arriendo Inmueble^2022-02-01_A6N-13N-62-S110^2021-09-01,A6N-13N-62-S110^2021-09-01,Canon Mensual Arriendo Inmueble,2022-02-01,530000,15
2,1,2022-11-22 07:28:38.867042+00:00,1,Canon Mensual Arriendo Inmueble^2022-03-01_A6N-13N-62-S110^2021-09-01,A6N-13N-62-S110^2021-09-01,Canon Mensual Arriendo Inmueble,2022-03-01,530000,15
3,1,2022-11-22 07:28:38.867053+00:00,1,Canon Mensual Arriendo Inmueble^2022-04-01_A6N-13N-62-S110^2021-09-01,A6N-13N-62-S110^2021-09-01,Canon Mensual Arriendo Inmueble,2022-04-01,530000,15
4,1,2022-11-22 07:28:38.867064+00:00,1,Canon Mensual Arriendo Inmueble^2022-05-01_A6N-13N-62-S110^2021-09-01,A6N-13N-62-S110^2021-09-01,Canon Mensual Arriendo Inmueble,2022-05-01,530000,15
5,1,2022-11-22 07:28:38.867074+00:00,1,Canon Mensual Arriendo Inmueble^2022-06-01_A6N-13N-62-S110^2021-09-01,A6N-13N-62-S110^2021-09-01,Canon Mensual Arriendo Inmueble,2022-06-01,530000,15
6,1,2022-11-22 07:28:38.867086+00:00,1,Canon Mensual Arriendo Inmueble^2022-07-01_A6N-13N-62-S110^2021-09-01,A6N-13N-62-S110^2021-09-01,Canon Mensual Arriendo Inmueble,2022-07-01,530000,15
7,1,2022-11-22 07:28:38.867096+00:00,1,Canon Mensual Arriendo Inmueble^2022-08-01_A6N-13N-62-S110^2021-09-01,A6N-13N-62-S110^2021-09-01,Canon Mensual Arriendo Inmueble,2022-08-01,530000,15
8,1,2022-11-22 07:28:38.867106+00:00,1,Canon Mensual Arriendo Inmueble^2022-09-01_A6N-13N-62-S110^2021-09-01,A6N-13N-62-S110^2021-09-01,Canon Mensual Arriendo Inmueble,2022-09-01,590000,16
9,1,2022-11-22 07:28:38.867116+00:00,1,Canon Mensual Arriendo Inmueble^2022-10-01_A6N-13N-62-S110^2021-09-01,A6N-13N-62-S110^2021-09-01,Canon Mensual Arriendo Inmueble,2022-10-01,590000,16
10,1,2022-11-22 07:28:38.867127+00:00,1,Canon Mensual Arriendo Inmueble^2022-01-01_A6N-13N-62-O1^2015-01-01,A6N-13N-62-O1^2015-01-01,Canon Mensual Arriendo Inmueble,2022-01-01,1065000,1
11,1,2022-11-22 07:28:38.867138+00:00,1,Canon Mensual Arriendo Inmueble^2022-02-01_A6N-13N-62-O1^2015-01-01,A6N-13N-62-O1^2015-01-01,Canon Mensual Arriendo Inmueble,2022-02-01,1065000,1
12,1,2022-11-22 07:28:38.867149+00:00,1,Canon Mensual Arriendo Inmueble^2022-03-01_A6N-13N-62-O1^2015-01-01,A6N-13N-62-O1^2015-01-01,Canon Mensual Arriendo Inmueble,2022-03-01,1065000,1
13,1,2022-11-22 07:28:38.867159+00:00,1,Canon Mensual Arriendo Inmueble^2022-04-01_A6N-13N-62-O1^2015-01-01,A6N-13N-62-O1^2015-01-01,Canon Mensual Arriendo Inmueble,2022-04-01,1065000,1
14,1,2022-11-22 07:28:38.867170+00:00,1,Canon Mensual Arriendo Inmueble^2022-05-01_A6N-13N-62-O1^2015-01-01,A6N-13N-62-O1^2015-01-01,Canon Mensual Arriendo Inmueble,2022-05-01,1065000,1
15,1,2022-11-22 07:28:38.867180+00:00,1,Canon Mensual Arriendo Inmueble^2022-06-01_A6N-13N-62-O1^2015-01-01,A6N-13N-62-O1^2015-01-01,Canon Mensual Arriendo Inmueble,2022-06-01,1065000,1
16,1,2022-11-22 07:28:38.867192+00:00,1,Canon Mensual Arriendo Inmueble^2022-07-01_A6N-13N-62-O1^2015-01-01,A6N-13N-62-O1^2015-01-01,Canon Mensual Arriendo Inmueble,2022-07-01,1065000,1
17,1,2022-11-22 07:28:38.867202+00:00,1,Canon Mensual Arriendo Inmueble^2022-08-01_A6N-13N-62-O1^2015-01-01,A6N-13N-62-O1^2015-01-01,Canon Mensual Arriendo Inmueble,2022-08-01,1065000,1
18,1,2022-11-22 07:28:38.867212+00:00,1,Canon Mensual Arriendo Inmueble^2022-09-01_A6N-13N-62-O1^2015-01-01,A6N-13N-62-O1^2015-01-01,Canon Mensual Arriendo Inmueble,2022-09-01,1065000,1
19,1,2022-11-22 07:28:38.867222+00:00,1,Canon Mensual Arriendo Inmueble^2022-10-01_A6N-13N-62-O1^2015-01-01,A6N-13N-62-O1^2015-01-01,Canon Mensual Arriendo Inmueble,2022-10-01,1065000,1
20,1,2022-11-22 07:28:38.867232+00:00,1,Canon Mensual Arriendo Inmueble^2022-01-01_A6N-13N-62-S101^2021-04-01,A6N-13N-62-S101^2021-04-01,Canon Mensual Arriendo Inmueble,2022-01-01,1100000,2
21,1,2022-11-22 07:28:38.867242+00:00,1,Canon Mensual Arriendo Inmueble^2022-02-01_A6N-13N-62-S101^2021-04-01,A6N-13N-62-S101^2021-04-01,Canon Mensual Arriendo Inmueble,2022-02-01,1100000,2
22,1,2022-11-22 07:28:38.867252+00:00,1,Canon Mensual Arriendo Inmueble^2022-03-01_A6N-13N-62-S101^2021-04-01,A6N-13N-62-S101^2021-04-01,Canon Mensual Arriendo Inmueble,2022-03-01,1100000,2
23,1,2022-11-22 07:28:38.867262+00:00,1,Canon Mensual Arriendo Inmueble^2022-04-01_A6N-13N-62-S101^2021-04-01,A6N-13N-62-S101^2021-04-01,Canon Mensual Arriendo Inmueble,2022-04-01,1190000,3
24,1,2022-11-22 07:28:38.867273+00:00,1,Canon Mensual Arriendo Inmueble^2022-05-01_A6N-13N-62-S101^2021-04-01,A6N-13N-62-S101^2021-04-01,Canon Mensual Arriendo Inmueble,2022-05-01,1190000,3
25,1,2022-11-22 07:28:38.867284+00:00,1,Canon Mensual Arriendo Inmueble^2022-06-01_A6N-13N-62-S101^2021-04-01,A6N-13N-62-S101^2021-04-01,Canon Mensual Arriendo Inmueble,2022-06-01,1190000,3
26,1,2022-11-22 07:28:38.867294+00:00,1,Canon Mensual Arriendo Inmueble^2022-07-01_A6N-13N-62-S101^2021-04-01,A6N-13N-62-S101^2021-04-01,Canon Mensual Arriendo Inmueble,2022-07-01,1190000,3
27,1,2022-11-22 07:28:38.867304+00:00,1,Canon Mensual Arriendo Inmueble^2022-08-01_A6N-13N-62-S101^2021-04-01,A6N-13N-62-S101^2021-04-01,Canon Mensual Arriendo Inmueble,2022-08-01,1190000,3
28,1,2022-11-22 07:28:38.867314+00:00,1,Canon Mensual Arriendo Inmueble^2022-09-01_A6N-13N-62-S101^2021-04-01,A6N-13N-62-S101^2021-04-01,Canon Mensual Arriendo Inmueble,2022-09-01,1190000,3
29,1,2022-11-22 07:28:38.867325+00:00,1,Canon Mensual Arriendo Inmueble^2022-10-01_A6N-13N-62-S101^2021-04-01,A6N-13N-62-S101^2021-04-01,Canon Mensual Arriendo Inmueble,2022-10-01,1190000,3
30,1,2022-11-22 07:28:38.867336+00:00,1,Canon Mensual Arriendo Inmueble^2022-01-01_A6N-13N-62-S102^2021-10-01,A6N-13N-62-S102^2021-10-01,Canon Mensual Arriendo Inmueble,2022-01-01,940000,4
31,1,2022-11-22 07:28:38.867346+00:00,1,Canon Mensual Arriendo Inmueble^2022-02-01_A6N-13N-62-S102^2021-10-01,A6N-13N-62-S102^2021-10-01,Canon Mensual Arriendo Inmueble,2022-02-01,940000,4
32,1,2022-11-22 07:28:38.867356+00:00,1,Canon Mensual Arriendo Inmueble^2022-03-01_A6N-13N-62-S102^2021-10-01,A6N-13N-62-S102^2021-10-01,Canon Mensual Arriendo Inmueble,2022-03-01,940000,4
33,1,2022-11-22 07:28:38.867366+00:00,1,Canon Mensual Arriendo Inmueble^2022-04-01_A6N-13N-62-S102^2021-10-01,A6N-13N-62-S102^2021-10-01,Canon Mensual Arriendo Inmueble,2022-04-01,940000,4
34,1,2022-11-22 07:28:38.867376+00:00,1,Canon Mensual Arriendo Inmueble^2022-05-01_A6N-13N-62-S102^2021-10-01,A6N-13N-62-S102^2021-10-01,Canon Mensual Arriendo Inmueble,2022-05-01,940000,4
35,1,2022-11-22 07:28:38.867386+00:00,1,Canon Mensual Arriendo Inmueble^2022-06-01_A6N-13N-62-S102^2021-10-01,A6N-13N-62-S102^2021-10-01,Canon Mensual Arriendo Inmueble,2022-06-01,940000,4
36,1,2022-11-22 07:28:38.867396+00:00,1,Canon Mensual Arriendo Inmueble^2022-07-01_A6N-13N-62-S102^2021-10-01,A6N-13N-62-S102^2021-10-01,Canon Mensual Arriendo Inmueble,2022-07-01,940000,4
37,1,2022-11-22 07:28:38.867406+00:00,1,Canon Mensual Arriendo Inmueble^2022-08-01_A6N-13N-62-S102^2021-10-01,A6N-13N-62-S102^2021-10-01,Canon Mensual Arriendo Inmueble,2022-08-01,940000,4
38,1,2022-11-22 07:28:38.867416+00:00,1,Canon Mensual Arriendo Inmueble^2022-09-01_A6N-13N-62-S102^2021-10-01,A6N-13N-62-S102^2021-10-01,Canon Mensual Arriendo Inmueble,2022-09-01,940000,4
39,1,2022-11-22 07:28:38.867426+00:00,1,Canon Mensual Arriendo Inmueble^2022-10-01_A6N-13N-62-S102^2021-10-01,A6N-13N-62-S102^2021-10-01,Canon Mensual Arriendo Inmueble,2022-10-01,993000,5
40,1,2022-11-22 07:28:38.867436+00:00,1,Canon Mensual Arriendo Inmueble^2022-01-01_A6N-13N-62-S103^2020-06-01,A6N-13N-62-S103^2020-06-01,Canon Mensual Arriendo Inmueble,2022-01-01,790000,6
41,1,2022-11-22 07:28:38.867446+00:00,1,Canon Mensual Arriendo Inmueble^2022-02-01_A6N-13N-62-S103^2020-06-01,A6N-13N-62-S103^2020-06-01,Canon Mensual Arriendo Inmueble,2022-02-01,790000,6
42,1,2022-11-22 07:28:38.867457+00:00,1,Canon Mensual Arriendo Inmueble^2022-03-01_A6N-13N-62-S103^2020-06-01,A6N-13N-62-S103^2020-06-01,Canon Mensual Arriendo Inmueble,2022-03-01,790000,6
43,1,2022-11-22 07:28:38.867467+00:00,1,Canon Mensual Arriendo Inmueble^2022-04-01_A6N-13N-62-S103^2020-06-01,A6N-13N-62-S103^2020-06-01,Canon Mensual Arriendo Inmueble,2022-04-01,790000,6
44,1,2022-11-22 07:28:38.867477+00:00,1,Canon Mensual Arriendo Inmueble^2022-05-01_A6N-13N-62-S103^2022-05-01,A6N-13N-62-S103^2022-05-01,Canon Mensual Arriendo Inmueble,2022-05-01,840000,7
45,1,2022-11-22 07:28:38.867486+00:00,1,Canon Mensual Arriendo Inmueble^2022-06-01_A6N-13N-62-S103^2022-05-01,A6N-13N-62-S103^2022-05-01,Canon Mensual Arriendo Inmueble,2022-06-01,840000,7
46,1,2022-11-22 07:28:38.867497+00:00,1,Canon Mensual Arriendo Inmueble^2022-07-01_A6N-13N-62-S103^2022-05-01,A6N-13N-62-S103^2022-05-01,Canon Mensual Arriendo Inmueble,2022-07-01,840000,7
47,1,2022-11-22 07:28:38.867507+00:00,1,Canon Mensual Arriendo Inmueble^2022-08-01_A6N-13N-62-S103^2022-05-01,A6N-13N-62-S103^2022-05-01,Canon Mensual Arriendo Inmueble,2022-08-01,840000,7
48,1,2022-11-22 07:28:38.867517+00:00,1,Canon Mensual Arriendo Inmueble^2022-09-01_A6N-13N-62-S103^2022-05-01,A6N-13N-62-S103^2022-05-01,Canon Mensual Arriendo Inmueble,2022-09-01,840000,7
49,1,2022-11-22 07:28:38.867527+00:00,1,Canon Mensual Arriendo Inmueble^2022-10-01_A6N-13N-62-S103^2022-05-01,A6N-13N-62-S103^2022-05-01,Canon Mensual Arriendo Inmueble,2022-10-01,840000,7
50,1,2022-11-22 07:28:38.867537+00:00,1,Canon Mensual Arriendo Inmueble^2022-01-01_A6N-13N-62-S104^2021-08-01,A6N-13N-62-S104^2021-08-01,Canon Mensual Arriendo Inmueble,2022-01-01,840000,8
51,1,2022-11-22 07:28:38.867550+00:00,1,Canon Mensual Arriendo Inmueble^2022-02-01_A6N-13N-62-S104^2021-08-01,A6N-13N-62-S104^2021-08-01,Canon Mensual Arriendo Inmueble,2022-02-01,840000,8
52,1,2022-11-22 07:28:38.867561+00:00,1,Canon Mensual Arriendo Inmueble^2022-03-01_A6N-13N-62-S104^2021-08-01,A6N-13N-62-S104^2021-08-01,Canon Mensual Arriendo Inmueble,2022-03-01,840000,8
53,1,2022-11-22 07:28:38.867571+00:00,1,Canon Mensual Arriendo Inmueble^2022-04-01_A6N-13N-62-S104^2021-08-01,A6N-13N-62-S104^2021-08-01,Canon Mensual Arriendo Inmueble,2022-04-01,840000,8
54,1,2022-11-22 07:28:38.867581+00:00,1,Canon Mensual Arriendo Inmueble^2022-05-01_A6N-13N-62-S104^2021-08-01,A6N-13N-62-S104^2021-08-01,Canon Mensual Arriendo Inmueble,2022-05-01,840000,8
55,1,2022-11-22 07:28:38.867592+00:00,1,Canon Mensual Arriendo Inmueble^2022-06-01_A6N-13N-62-S104^2021-08-01,A6N-13N-62-S104^2021-08-01,Canon Mensual Arriendo Inmueble,2022-06-01,840000,8
56,1,2022-11-22 07:28:38.867602+00:00,1,Canon Mensual Arriendo Inmueble^2022-07-01_A6N-13N-62-S104^2021-08-01,A6N-13N-62-S104^2021-08-01,Canon Mensual Arriendo Inmueble,2022-07-01,840000,8
57,1,2022-11-22 07:28:38.867614+00:00,1,Canon Mensual Arriendo Inmueble^2022-08-01_A6N-13N-62-S104^2021-08-01,A6N-13N-62-S104^2021-08-01,Canon Mensual Arriendo Inmueble,2022-08-01,890000,9
58,1,2022-11-22 07:28:38.867624+00:00,1,Canon Mensual Arriendo Inmueble^2022-09-01_A6N-13N-62-S104^2021-08-01,A6N-13N-62-S104^2021-08-01,Canon Mensual Arriendo Inmueble,2022-09-01,890000,9
59,1,2022-11-22 07:28:38.867635+00:00,1,Canon Mensual Arriendo Inmueble^2022-10-01_A6N-13N-62-S104^2021-08-01,A6N-13N-62-S104^2021-08-01,Canon Mensual Arriendo Inmueble,2022-10-01,890000,9
60,1,2022-11-22 07:28:38.867647+00:00,1,Canon Mensual Arriendo Inmueble^2022-01-01_A6N-13N-62-S105^2021-09-01,A6N-13N-62-S105^2021-09-01,Canon Mensual Arriendo Inmueble,2022-01-01,850000,10
61,1,2022-11-22 07:28:38.867658+00:00,1,Canon Mensual Arriendo Inmueble^2022-02-01_A6N-13N-62-S105^2021-09-01,A6N-13N-62-S105^2021-09-01,Canon Mensual Arriendo Inmueble,2022-02-01,850000,10
62,1,2022-11-22 07:28:38.867668+00:00,1,Canon Mensual Arriendo Inmueble^2022-03-01_A6N-13N-62-S105^2021-09-01,A6N-13N-62-S105^2021-09-01,Canon Mensual Arriendo Inmueble,2022-03-01,850000,10
63,1,2022-11-22 07:28:38.867678+00:00,1,Canon Mensual Arriendo Inmueble^2022-04-01_A6N-13N-62-S105^2021-09-01,A6N-13N-62-S105^2021-09-01,Canon Mensual Arriendo Inmueble,2022-04-01,850000,10
64,1,2022-11-22 07:28:38.867687+00:00,1,Canon Mensual Arriendo Inmueble^2022-05-01_A6N-13N-62-S105^2021-09-01,A6N-13N-62-S105^2021-09-01,Canon Mensual Arriendo Inmueble,2022-05-01,850000,10
65,1,2022-11-22 07:28:38.867698+00:00,1,Canon Mensual Arriendo Inmueble^2022-06-01_A6N-13N-62-S105^2021-09-01,A6N-13N-62-S105^2021-09-01,Canon Mensual Arriendo Inmueble,2022-06-01,850000,10
66,1,2022-11-22 07:28:38.867708+00:00,1,Canon Mensual Arriendo Inmueble^2022-07-01_A6N-13N-62-S105^2021-09-01,A6N-13N-62-S105^2021-09-01,Canon Mensual Arriendo Inmueble,2022-07-01,850000,10
67,1,2022-11-22 07:28:38.867718+00:00,1,Canon Mensual Arriendo Inmueble^2022-08-01_A6N-13N-62-S105^2021-09-01,A6N-13N-62-S105^2021-09-01,Canon Mensual Arriendo Inmueble,2022-08-01,850000,10
68,1,2022-11-22 07:28:38.867729+00:00,1,Canon Mensual Arriendo Inmueble^2022-09-01_A6N-13N-62-S105^2021-09-01,A6N-13N-62-S105^2021-09-01,Canon Mensual Arriendo Inmueble,2022-09-01,890000,11
69,1,2022-11-22 07:28:38.867756+00:00,1,Canon Mensual Arriendo Inmueble^2022-10-01_A6N-13N-62-S105^2021-09-01,A6N-13N-62-S105^2021-09-01,Canon Mensual Arriendo Inmueble,2022-10-01,890000,11
70,1,2022-11-22 07:28:38.867768+00:00,1,Canon Mensual Arriendo Inmueble^2022-01-01_A6N-13N-62-S108^2016-12-01,A6N-13N-62-S108^2016-12-01,Canon Mensual Arriendo Inmueble,2022-01-01,638000,12
71,1,2022-11-22 07:28:38.867778+00:00,1,Canon Mensual Arriendo Inmueble^2022-02-01_A6N-13N-62-S108^2016-12-01,A6N-13N-62-S108^2016-12-01,Canon Mensual Arriendo Inmueble,2022-02-01,638000,12
72,1,2022-11-22 07:28:38.867788+00:00,1,Canon Mensual Arriendo Inmueble^2022-03-01_A6N-13N-62-S108^2016-12-01,A6N-13N-62-S108^2016-12-01,Canon Mensual Arriendo Inmueble,2022-03-01,638000,12
73,1,2022-11-22 07:28:38.867799+00:00,1,Canon Mensual Arriendo Inmueble^2022-04-01_A6N-13N-62-S108^2016-12-01,A6N-13N-62-S108^2016-12-01,Canon Mensual Arriendo Inmueble,2022-04-01,638000,12
74,1,2022-11-22 07:28:38.867808+00:00,1,Canon Mensual Arriendo Inmueble^2022-05-01_A6N-13N-62-S108^2016-12-01,A6N-13N-62-S108^2016-12-01,Canon Mensual Arriendo Inmueble,2022-05-01,638000,12
75,1,2022-11-22 07:28:38.867819+00:00,1,Canon Mensual Arriendo Inmueble^2022-06-01_A6N-13N-62-S108^2016-12-01,A6N-13N-62-S108^2016-12-01,Canon Mensual Arriendo Inmueble,2022-06-01,638000,12
76,1,2022-11-22 07:28:38.867828+00:00,1,Canon Mensual Arriendo Inmueble^2022-07-01_A6N-13N-62-S108^2016-12-01,A6N-13N-62-S108^2016-12-01,Canon Mensual Arriendo Inmueble,2022-07-01,638000,12
77,1,2022-11-22 07:28:38.867839+00:00,1,Canon Mensual Arriendo Inmueble^2022-08-01_A6N-13N-62-S108^2016-12-01,A6N-13N-62-S108^2016-12-01,Canon Mensual Arriendo Inmueble,2022-08-01,638000,12
78,1,2022-11-22 07:28:38.867849+00:00,1,Canon Mensual Arriendo Inmueble^2022-09-01_A6N-13N-62-S108^2016-12-01,A6N-13N-62-S108^2016-12-01,Canon Mensual Arriendo Inmueble,2022-09-01,638000,12
79,1,2022-11-22 07:28:38.867859+00:00,1,Canon Mensual Arriendo Inmueble^2022-10-01_A6N-13N-62-S108^2016-12-01,A6N-13N-62-S108^2016-12-01,Canon Mensual Arriendo Inmueble,2022-10-01,638000,12
80,1,2022-11-22 07:28:38.867869+00:00,1,Canon Mensual Arriendo Inmueble^2022-01-01_A6N-13N-62-S109^2021-07-01,A6N-13N-62-S109^2021-07-01,Canon Mensual Arriendo Inmueble,2022-01-01,450000,13
81,1,2022-11-22 07:28:38.867879+00:00,1,Canon Mensual Arriendo Inmueble^2022-02-01_A6N-13N-62-S109^2021-07-01,A6N-13N-62-S109^2021-07-01,Canon Mensual Arriendo Inmueble,2022-02-01,450000,13
82,1,2022-11-22 07:28:38.867890+00:00,1,Canon Mensual Arriendo Inmueble^2022-03-01_A6N-13N-62-S109^2021-07-01,A6N-13N-62-S109^2021-07-01,Canon Mensual Arriendo Inmueble,2022-03-01,450000,13
83,1,2022-11-22 07:28:38.867900+00:00,1,Canon Mensual Arriendo Inmueble^2022-04-01_A6N-13N-62-S109^2021-07-01,A6N-13N-62-S109^2021-07-01,Canon Mensual Arriendo Inmueble,2022-04-01,450000,13
84,1,2022-11-22 07:28:38.867910+00:00,1,Canon Mensual Arriendo Inmueble^2022-05-01_A6N-13N-62-S109^2021-07-01,A6N-13N-62-S109^2021-07-01,Canon Mensual Arriendo Inmueble,2022-05-01,450000,13
85,1,2022-11-22 07:28:38.867920+00:00,1,Canon Mensual Arriendo Inmueble^2022-06-01_A6N-13N-62-S109^2021-07-01,A6N-13N-62-S109^2021-07-01,Canon Mensual Arriendo Inmueble,2022-06-01,450000,13
86,1,2022-11-22 07:28:38.867930+00:00,1,Canon Mensual Arriendo Inmueble^2022-07-01_A6N-13N-62-S109^2021-07-01,A6N-13N-62-S109^2021-07-01,Canon Mensual Arriendo Inmueble,2022-07-01,502000,14
87,1,2022-11-22 07:28:38.867948+00:00,1,Canon Mensual Arriendo Inmueble^2022-08-01_A6N-13N-62-S109^2021-07-01,A6N-13N-62-S109^2021-07-01,Canon Mensual Arriendo Inmueble,2022-08-01,502000,14
88,1,2022-11-22 07:28:38.867959+00:00,1,Canon Mensual Arriendo Inmueble^2022-09-01_A6N-13N-62-S109^2021-07-01,A6N-13N-62-S109^2021-07-01,Canon Mensual Arriendo Inmueble,2022-09-01,502000,14
89,1,2022-11-22 07:28:38.867969+00:00,1,Canon Mensual Arriendo Inmueble^2022-10-01_A6N-13N-62-S109^2021-07-01,A6N-13N-62-S109^2021-07-01,Canon Mensual Arriendo Inmueble,2022-10-01,502000,14
90,1,2022-11-22 07:28:38.867979+00:00,1,Canon Mensual Arriendo Inmueble^2022-01-01_A6N-13N-62-S111^2021-04-01,A6N-13N-62-S111^2021-04-01,Canon Mensual Arriendo Inmueble,2022-01-01,700000,17
91,1,2022-11-22 07:28:38.867989+00:00,1,Canon Mensual Arriendo Inmueble^2022-02-01_A6N-13N-62-S111^2021-04-01,A6N-13N-62-S111^2021-04-01,Canon Mensual Arriendo Inmueble,2022-02-01,700000,17
92,1,2022-11-22 07:28:38.867999+00:00,1,Canon Mensual Arriendo Inmueble^2022-03-01_A6N-13N-62-S111^2021-04-01,A6N-13N-62-S111^2021-04-01,Canon Mensual Arriendo Inmueble,2022-03-01,700000,17
93,1,2022-11-22 07:28:38.868010+00:00,1,Canon Mensual Arriendo Inmueble^2022-06-25_A6N-13N-62-S111^2022-07-01,A6N-13N-62-S111^2022-07-01,Canon Mensual Arriendo Inmueble,2022-06-25,130000,18
94,1,2022-11-22 07:28:38.868021+00:00,1,Canon Mensual Arriendo Inmueble^2022-07-01_A6N-13N-62-S111^2022-07-01,A6N-13N-62-S111^2022-07-01,Canon Mensual Arriendo Inmueble,2022-07-01,650000,18
95,1,2022-11-22 07:28:38.868032+00:00,1,Canon Mensual Arriendo Inmueble^2022-08-01_A6N-13N-62-S111^2022-07-01,A6N-13N-62-S111^2022-07-01,Canon Mensual Arriendo Inmueble,2022-08-01,650000,18
96,1,2022-11-22 07:28:38.868043+00:00,1,Canon Mensual Arriendo Inmueble^2022-09-01_A6N-13N-62-S111^2022-07-01,A6N-13N-62-S111^2022-07-01,Canon Mensual Arriendo Inmueble,2022-09-01,650000,18
97,1,2022-11-22 07:28:38.868054+00:00,1,Canon Mensual Arriendo Inmueble^2022-10-01_A6N-13N-62-S111^2022-07-01,A6N-13N-62-S111^2022-07-01,Canon Mensual Arriendo Inmueble,2022-10-01,650000,18
98,1,2022-11-22 07:28:38.868064+00:00,1,Canon Mensual Arriendo Inmueble^2022-01-01_A6N-13N-62-S112^2015-04-01,A6N-13N-62-S112^2015-04-01,Canon Mensual Arriendo Inmueble,2022-01-01,560000,20
99,1,2022-11-22 07:28:38.868074+00:00,1,Canon Mensual Arriendo Inmueble^2022-02-01_A6N-13N-62-S112^2015-04-01,A6N-13N-62-S112^2015-04-01,Canon Mensual Arriendo Inmueble,2022-02-01,560000,20
100,1,2022-11-22 07:28:38.868085+00:00,1,Canon Mensual Arriendo Inmueble^2022-03-01_A6N-13N-62-S112^2015-04-01,A6N-13N-62-S112^2015-04-01,Canon Mensual Arriendo Inmueble,2022-03-01,560000,20
101,1,2022-11-22 07:28:38.868095+00:00,1,Canon Mensual Arriendo Inmueble^2022-04-01_A6N-13N-62-S112^2015-04-01,A6N-13N-62-S112^2015-04-01,Canon Mensual Arriendo Inmueble,2022-04-01,605000,21
102,1,2022-11-22 07:28:38.868105+00:00,1,Canon Mensual Arriendo Inmueble^2022-05-01_A6N-13N-62-S112^2015-04-01,A6N-13N-62-S112^2015-04-01,Canon Mensual Arriendo Inmueble,2022-05-01,605000,21
103,1,2022-11-22 07:28:38.868115+00:00,1,Canon Mensual Arriendo Inmueble^2022-06-01_A6N-13N-62-S112^2015-04-01,A6N-13N-62-S112^2015-04-01,Canon Mensual Arriendo Inmueble,2022-06-01,605000,21
104,1,2022-11-22 07:28:38.868125+00:00,1,Canon Mensual Arriendo Inmueble^2022-07-01_A6N-13N-62-S112^2015-04-01,A6N-13N-62-S112^2015-04-01,Canon Mensual Arriendo Inmueble,2022-07-01,605000,21
105,1,2022-11-22 07:28:38.868136+00:00,1,Canon Mensual Arriendo Inmueble^2022-08-01_A6N-13N-62-S112^2015-04-01,A6N-13N-62-S112^2015-04-01,Canon Mensual Arriendo Inmueble,2022-08-01,605000,21
106,1,2022-11-22 07:28:38.868146+00:00,1,Canon Mensual Arriendo Inmueble^2022-09-01_A6N-13N-62-S112^2015-04-01,A6N-13N-62-S112^2015-04-01,Canon Mensual Arriendo Inmueble,2022-09-01,605000,21
107,1,2022-11-22 07:28:38.868157+00:00,1,Canon Mensual Arriendo Inmueble^2022-10-01_A6N-13N-62-S112^2015-04-01,A6N-13N-62-S112^2015-04-01,Canon Mensual Arriendo Inmueble,2022-10-01,605000,21
108,1,2022-11-22 07:28:38.868167+00:00,1,Canon Mensual Arriendo Inmueble^2022-01-01_A6N-13N-62-S114^2021-09-01,A6N-13N-62-S114^2021-09-01,Canon Mensual Arriendo Inmueble,2022-01-01,530000,22
109,1,2022-11-22 07:28:38.868177+00:00,1,Canon Mensual Arriendo Inmueble^2022-02-01_A6N-13N-62-S114^2021-09-01,A6N-13N-62-S114^2021-09-01,Canon Mensual Arriendo Inmueble,2022-02-01,530000,22
110,1,2022-11-22 07:28:38.868187+00:00,1,Canon Mensual Arriendo Inmueble^2022-03-01_A6N-13N-62-S114^2021-09-01,A6N-13N-62-S114^2021-09-01,Canon Mensual Arriendo Inmueble,2022-03-01,530000,22
111,1,2022-11-22 07:28:38.870672+00:00,1,Canon Mensual Arriendo Inmueble^2022-04-01_A6N-13N-62-S114^2021-09-01,A6N-13N-62-S114^2021-09-01,Canon Mensual Arriendo Inmueble,2022-04-01,530000,22
112,1,2022-11-22 07:28:38.870695+00:00,1,Canon Mensual Arriendo Inmueble^2022-05-01_A6N-13N-62-S114^2021-09-01,A6N-13N-62-S114^2021-09-01,Canon Mensual Arriendo Inmueble,2022-05-01,530000,22
113,1,2022-11-22 07:28:38.870707+00:00,1,Canon Mensual Arriendo Inmueble^2022-06-01_A6N-13N-62-S114^2021-09-01,A6N-13N-62-S114^2021-09-01,Canon Mensual Arriendo Inmueble,2022-06-01,530000,22
114,1,2022-11-22 07:28:38.870719+00:00,1,Canon Mensual Arriendo Inmueble^2022-07-01_A6N-13N-62-S114^2021-09-01,A6N-13N-62-S114^2021-09-01,Canon Mensual Arriendo Inmueble,2022-07-01,530000,22
115,1,2022-11-22 07:28:38.870791+00:00,1,Canon Mensual Arriendo Inmueble^2022-08-01_A6N-13N-62-S114^2021-09-01,A6N-13N-62-S114^2021-09-01,Canon Mensual Arriendo Inmueble,2022-08-01,530000,22
116,1,2022-11-22 07:28:38.870810+00:00,1,Canon Mensual Arriendo Inmueble^2022-09-01_A6N-13N-62-S114^2021-09-01,A6N-13N-62-S114^2021-09-01,Canon Mensual Arriendo Inmueble,2022-09-01,590000,23
117,1,2022-11-22 07:28:38.870823+00:00,1,Canon Mensual Arriendo Inmueble^2022-10-01_A6N-13N-62-S114^2021-09-01,A6N-13N-62-S114^2021-09-01,Canon Mensual Arriendo Inmueble,2022-10-01,590000,23
118,1,2022-11-22 07:28:38.870835+00:00,1,Canon Mensual Arriendo Inmueble^2022-01-01_A6N-13N-62-S201^2021-10-01,A6N-13N-62-S201^2021-10-01,Canon Mensual Arriendo Inmueble,2022-01-01,830000,24
119,1,2022-11-22 07:28:38.870869+00:00,1,Canon Mensual Arriendo Inmueble^2022-02-01_A6N-13N-62-S201^2021-10-01,A6N-13N-62-S201^2021-10-01,Canon Mensual Arriendo Inmueble,2022-02-01,830000,24
120,1,2022-11-22 07:28:38.870882+00:00,1,Canon Mensual Arriendo Inmueble^2022-03-01_A6N-13N-62-S201^2021-10-01,A6N-13N-62-S201^2021-10-01,Canon Mensual Arriendo Inmueble,2022-03-01,830000,24
121,1,2022-11-22 07:28:38.870920+00:00,1,Canon Mensual Arriendo Inmueble^2022-04-01_A6N-13N-62-S201^2021-10-01,A6N-13N-62-S201^2021-10-01,Canon Mensual Arriendo Inmueble,2022-04-01,830000,24
122,1,2022-11-22 07:28:38.870933+00:00,1,Canon Mensual Arriendo Inmueble^2022-05-01_A6N-13N-62-S201^2021-10-01,A6N-13N-62-S201^2021-10-01,Canon Mensual Arriendo Inmueble,2022-05-01,830000,24
123,1,2022-11-22 07:28:38.870945+00:00,1,Canon Mensual Arriendo Inmueble^2022-06-01_A6N-13N-62-S201^2021-10-01,A6N-13N-62-S201^2021-10-01,Canon Mensual Arriendo Inmueble,2022-06-01,830000,24
124,1,2022-11-22 07:28:38.870955+00:00,1,Canon Mensual Arriendo Inmueble^2022-07-01_A6N-13N-62-S201^2021-10-01,A6N-13N-62-S201^2021-10-01,Canon Mensual Arriendo Inmueble,2022-07-01,830000,24
125,1,2022-11-22 07:28:38.870966+00:00,1,Canon Mensual Arriendo Inmueble^2022-08-01_A6N-13N-62-S201^2021-10-01,A6N-13N-62-S201^2021-10-01,Canon Mensual Arriendo Inmueble,2022-08-01,830000,24
126,1,2022-11-22 07:28:38.870976+00:00,1,Canon Mensual Arriendo Inmueble^2022-09-01_A6N-13N-62-S201^2021-10-01,A6N-13N-62-S201^2021-10-01,Canon Mensual Arriendo Inmueble,2022-09-01,830000,24
127,1,2022-11-22 07:28:38.870987+00:00,1,Canon Mensual Arriendo Inmueble^2022-01-01_A6N-13N-62-S202^2021-10-01,A6N-13N-62-S202^2021-10-01,Canon Mensual Arriendo Inmueble,2022-01-01,700000,25
128,1,2022-11-22 07:28:38.870997+00:00,1,Canon Mensual Arriendo Inmueble^2022-02-01_A6N-13N-62-S202^2021-10-01,A6N-13N-62-S202^2021-10-01,Canon Mensual Arriendo Inmueble,2022-02-01,700000,25
129,1,2022-11-22 07:28:38.871007+00:00,1,Canon Mensual Arriendo Inmueble^2022-03-01_A6N-13N-62-S202^2021-10-01,A6N-13N-62-S202^2021-10-01,Canon Mensual Arriendo Inmueble,2022-03-01,700000,25
130,1,2022-11-22 07:28:38.871017+00:00,1,Canon Mensual Arriendo Inmueble^2022-04-01_A6N-13N-62-S202^2021-10-01,A6N-13N-62-S202^2021-10-01,Canon Mensual Arriendo Inmueble,2022-04-01,700000,25
131,1,2022-11-22 07:28:38.871027+00:00,1,Canon Mensual Arriendo Inmueble^2022-05-01_A6N-13N-62-S202^2021-10-01,A6N-13N-62-S202^2021-10-01,Canon Mensual Arriendo Inmueble,2022-05-01,700000,25
132,1,2022-11-22 07:28:38.871038+00:00,1,Canon Mensual Arriendo Inmueble^2022-06-01_A6N-13N-62-S202^2021-10-01,A6N-13N-62-S202^2021-10-01,Canon Mensual Arriendo Inmueble,2022-06-01,700000,25
133,1,2022-11-22 07:28:38.871048+00:00,1,Canon Mensual Arriendo Inmueble^2022-07-01_A6N-13N-62-S202^2021-10-01,A6N-13N-62-S202^2021-10-01,Canon Mensual Arriendo Inmueble,2022-07-01,700000,25
134,1,2022-11-22 07:28:38.871058+00:00,1,Canon Mensual Arriendo Inmueble^2022-08-01_A6N-13N-62-S202^2021-10-01,A6N-13N-62-S202^2021-10-01,Canon Mensual Arriendo Inmueble,2022-08-01,700000,25
135,1,2022-11-22 07:28:38.871069+00:00,1,Canon Mensual Arriendo Inmueble^2022-09-01_A6N-13N-62-S202^2021-10-01,A6N-13N-62-S202^2021-10-01,Canon Mensual Arriendo Inmueble,2022-09-01,700000,25
136,1,2022-11-22 07:28:38.871079+00:00,1,Canon Mensual Arriendo Inmueble^2022-01-01_A6N-13N-62-S203^2020-10-01,A6N-13N-62-S203^2020-10-01,Canon Mensual Arriendo Inmueble,2022-01-01,620000,26
137,1,2022-11-22 07:28:38.871089+00:00,1,Canon Mensual Arriendo Inmueble^2022-04-01_A6N-13N-62-S203^2022-04-01,A6N-13N-62-S203^2022-04-01,Canon Mensual Arriendo Inmueble,2022-04-01,700000,27
138,1,2022-11-22 07:28:38.871100+00:00,1,Canon Mensual Arriendo Inmueble^2022-05-01_A6N-13N-62-S203^2022-04-01,A6N-13N-62-S203^2022-04-01,Canon Mensual Arriendo Inmueble,2022-05-01,700000,27
139,1,2022-11-22 07:28:38.871110+00:00,1,Canon Mensual Arriendo Inmueble^2022-06-01_A6N-13N-62-S203^2022-04-01,A6N-13N-62-S203^2022-04-01,Canon Mensual Arriendo Inmueble,2022-06-01,700000,27
140,1,2022-11-22 07:28:38.871120+00:00,1,Canon Mensual Arriendo Inmueble^2022-07-01_A6N-13N-62-S203^2022-04-01,A6N-13N-62-S203^2022-04-01,Canon Mensual Arriendo Inmueble,2022-07-01,700000,27
141,1,2022-11-22 07:28:38.871130+00:00,1,Canon Mensual Arriendo Inmueble^2022-08-01_A6N-13N-62-S203^2022-04-01,A6N-13N-62-S203^2022-04-01,Canon Mensual Arriendo Inmueble,2022-08-01,700000,27
142,1,2022-11-22 07:28:38.871140+00:00,1,Canon Mensual Arriendo Inmueble^2022-09-01_A6N-13N-62-S203^2022-04-01,A6N-13N-62-S203^2022-04-01,Canon Mensual Arriendo Inmueble,2022-09-01,700000,27
143,1,2022-11-22 07:28:38.871150+00:00,1,Canon Mensual Arriendo Inmueble^2022-10-01_A6N-13N-62-S203^2022-04-01,A6N-13N-62-S203^2022-04-01,Canon Mensual Arriendo Inmueble,2022-10-01,700000,27
144,1,2022-11-22 07:28:38.871160+00:00,1,Canon Mensual Arriendo Inmueble^2022-01-01_A6N-13N-62-S204^2021-09-01,A6N-13N-62-S204^2021-09-01,Canon Mensual Arriendo Inmueble,2022-01-01,650000,28
145,1,2022-11-22 07:28:38.871171+00:00,1,Canon Mensual Arriendo Inmueble^2022-02-01_A6N-13N-62-S204^2021-09-01,A6N-13N-62-S204^2021-09-01,Canon Mensual Arriendo Inmueble,2022-02-01,650000,28
146,1,2022-11-22 07:28:38.871181+00:00,1,Canon Mensual Arriendo Inmueble^2022-03-01_A6N-13N-62-S204^2021-09-01,A6N-13N-62-S204^2021-09-01,Canon Mensual Arriendo Inmueble,2022-03-01,650000,28
147,1,2022-11-22 07:28:38.871192+00:00,1,Canon Mensual Arriendo Inmueble^2022-04-01_A6N-13N-62-S204^2021-09-01,A6N-13N-62-S204^2021-09-01,Canon Mensual Arriendo Inmueble,2022-04-01,650000,28
148,1,2022-11-22 07:28:38.871202+00:00,1,Canon Mensual Arriendo Inmueble^2022-05-01_A6N-13N-62-S204^2021-09-01,A6N-13N-62-S204^2021-09-01,Canon Mensual Arriendo Inmueble,2022-05-01,650000,28
149,1,2022-11-22 07:28:38.871212+00:00,1,Canon Mensual Arriendo Inmueble^2022-06-01_A6N-13N-62-S204^2021-09-01,A6N-13N-62-S204^2021-09-01,Canon Mensual Arriendo Inmueble,2022-06-01,650000,28
150,1,2022-11-22 07:28:38.871222+00:00,1,Canon Mensual Arriendo Inmueble^2022-07-01_A6N-13N-62-S204^2021-09-01,A6N-13N-62-S204^2021-09-01,Canon Mensual Arriendo Inmueble,2022-07-01,650000,28
151,1,2022-11-22 07:28:38.871232+00:00,1,Canon Mensual Arriendo Inmueble^2022-08-01_A6N-13N-62-S204^2021-09-01,A6N-13N-62-S204^2021-09-01,Canon Mensual Arriendo Inmueble,2022-08-01,650000,28
152,1,2022-11-22 07:28:38.871242+00:00,1,Canon Mensual Arriendo Inmueble^2022-09-01_A6N-13N-62-S204^2021-09-01,A6N-13N-62-S204^2021-09-01,Canon Mensual Arriendo Inmueble,2022-09-01,720000,29
153,1,2022-11-22 07:28:38.871252+00:00,1,Canon Mensual Arriendo Inmueble^2022-10-01_A6N-13N-62-S204^2021-09-01,A6N-13N-62-S204^2021-09-01,Canon Mensual Arriendo Inmueble,2022-10-01,720000,29
154,1,2022-11-22 07:28:38.871262+00:00,1,Canon Mensual Arriendo Inmueble^2022-01-01_A6N-13N-62-S205^2020-08-01,A6N-13N-62-S205^2020-08-01,Canon Mensual Arriendo Inmueble,2022-01-01,750000,30
155,1,2022-11-22 07:28:38.871272+00:00,1,Canon Mensual Arriendo Inmueble^2022-02-01_A6N-13N-62-S205^2020-08-01,A6N-13N-62-S205^2020-08-01,Canon Mensual Arriendo Inmueble,2022-02-01,750000,30
156,1,2022-11-22 07:28:38.871283+00:00,1,Canon Mensual Arriendo Inmueble^2022-03-01_A6N-13N-62-S205^2020-08-01,A6N-13N-62-S205^2020-08-01,Canon Mensual Arriendo Inmueble,2022-03-01,750000,30
157,1,2022-11-22 07:28:38.871293+00:00,1,Canon Mensual Arriendo Inmueble^2022-04-01_A6N-13N-62-S205^2020-08-01,A6N-13N-62-S205^2020-08-01,Canon Mensual Arriendo Inmueble,2022-04-01,750000,30
158,1,2022-11-22 07:28:38.871303+00:00,1,Canon Mensual Arriendo Inmueble^2022-05-01_A6N-13N-62-S205^2020-08-01,A6N-13N-62-S205^2020-08-01,Canon Mensual Arriendo Inmueble,2022-05-01,750000,30
159,1,2022-11-22 07:28:38.871313+00:00,1,Canon Mensual Arriendo Inmueble^2022-06-01_A6N-13N-62-S205^2020-08-01,A6N-13N-62-S205^2020-08-01,Canon Mensual Arriendo Inmueble,2022-06-01,750000,30
160,1,2022-11-22 07:28:38.871323+00:00,1,Canon Mensual Arriendo Inmueble^2022-07-01_A6N-13N-62-S205^2020-08-01,A6N-13N-62-S205^2020-08-01,Canon Mensual Arriendo Inmueble,2022-07-01,750000,30
161,1,2022-11-22 07:28:38.871333+00:00,1,Canon Mensual Arriendo Inmueble^2022-08-01_A6N-13N-62-S205^2020-08-01,A6N-13N-62-S205^2020-08-01,Canon Mensual Arriendo Inmueble,2022-08-01,830000,31
162,1,2022-11-22 07:28:38.871343+00:00,1,Canon Mensual Arriendo Inmueble^2022-09-01_A6N-13N-62-S205^2020-08-01,A6N-13N-62-S205^2020-08-01,Canon Mensual Arriendo Inmueble,2022-09-01,830000,31
163,1,2022-11-22 07:28:38.871353+00:00,1,Canon Mensual Arriendo Inmueble^2022-10-01_A6N-13N-62-S205^2020-08-01,A6N-13N-62-S205^2020-08-01,Canon Mensual Arriendo Inmueble,2022-10-01,830000,31
164,1,2022-11-22 07:28:38.871363+00:00,1,Canon Mensual Arriendo Inmueble^2022-01-01_A6N-13N-62-S207^2004-03-01,A6N-13N-62-S207^2004-03-01,Canon Mensual Arriendo Inmueble,2022-01-01,485000,32
165,1,2022-11-22 07:28:38.871374+00:00,1,Canon Mensual Arriendo Inmueble^2022-02-01_A6N-13N-62-S207^2004-03-01,A6N-13N-62-S207^2004-03-01,Canon Mensual Arriendo Inmueble,2022-02-01,485000,32
166,1,2022-11-22 07:28:38.871384+00:00,1,Canon Mensual Arriendo Inmueble^2022-03-01_A6N-13N-62-S207^2004-03-01,A6N-13N-62-S207^2004-03-01,Canon Mensual Arriendo Inmueble,2022-03-01,497000,33
167,1,2022-11-22 07:28:38.871394+00:00,1,Canon Mensual Arriendo Inmueble^2022-01-01_A6N-13N-62-S208^2021-10-01,A6N-13N-62-S208^2021-10-01,Canon Mensual Arriendo Inmueble,2022-01-01,390000,34
168,1,2022-11-22 07:28:38.871405+00:00,1,Canon Mensual Arriendo Inmueble^2022-02-01_A6N-13N-62-S208^2021-10-01,A6N-13N-62-S208^2021-10-01,Canon Mensual Arriendo Inmueble,2022-02-01,390000,34
169,1,2022-11-22 07:28:38.871415+00:00,1,Canon Mensual Arriendo Inmueble^2022-03-01_A6N-13N-62-S208^2021-10-01,A6N-13N-62-S208^2021-10-01,Canon Mensual Arriendo Inmueble,2022-03-01,390000,34
170,1,2022-11-22 07:28:38.871425+00:00,1,Canon Mensual Arriendo Inmueble^2022-04-01_A6N-13N-62-S208^2021-10-01,A6N-13N-62-S208^2021-10-01,Canon Mensual Arriendo Inmueble,2022-04-01,390000,34
171,1,2022-11-22 07:28:38.871435+00:00,1,Canon Mensual Arriendo Inmueble^2022-05-01_A6N-13N-62-S208^2021-10-01,A6N-13N-62-S208^2021-10-01,Canon Mensual Arriendo Inmueble,2022-05-01,390000,34
172,1,2022-11-22 07:28:38.871445+00:00,1,Canon Mensual Arriendo Inmueble^2022-06-01_A6N-13N-62-S208^2021-10-01,A6N-13N-62-S208^2021-10-01,Canon Mensual Arriendo Inmueble,2022-06-01,390000,34
173,1,2022-11-22 07:28:38.871455+00:00,1,Canon Mensual Arriendo Inmueble^2022-07-01_A6N-13N-62-S208^2021-10-01,A6N-13N-62-S208^2021-10-01,Canon Mensual Arriendo Inmueble,2022-07-01,390000,34
174,1,2022-11-22 07:28:38.871466+00:00,1,Canon Mensual Arriendo Inmueble^2022-08-01_A6N-13N-62-S208^2021-10-01,A6N-13N-62-S208^2021-10-01,Canon Mensual Arriendo Inmueble,2022-08-01,390000,34
175,1,2022-11-22 07:28:38.871477+00:00,1,Canon Mensual Arriendo Inmueble^2022-09-01_A6N-13N-62-S208^2021-10-01,A6N-13N-62-S208^2021-10-01,Canon Mensual Arriendo Inmueble,2022-09-01,390000,34
176,1,2022-11-22 07:28:38.871487+00:00,1,Canon Mensual Arriendo Inmueble^2022-10-01_A6N-13N-62-S208^2021-10-01,A6N-13N-62-S208^2021-10-01,Canon Mensual Arriendo Inmueble,2022-10-01,415000,35
177,1,2022-11-22 07:28:38.871497+00:00,1,Canon Mensual Arriendo Inmueble^2021-12-21_A6N-13N-62-S209^2006-03-21,A6N-13N-62-S209^2006-03-21,Canon Mensual Arriendo Inmueble,2021-12-21,465000,36
178,1,2022-11-22 07:28:38.871507+00:00,1,Canon Mensual Arriendo Inmueble^2022-01-21_A6N-13N-62-S209^2006-03-21,A6N-13N-62-S209^2006-03-21,Canon Mensual Arriendo Inmueble,2022-01-21,465000,36
179,1,2022-11-22 07:28:38.871517+00:00,1,Canon Mensual Arriendo Inmueble^2022-02-21_A6N-13N-62-S209^2006-03-21,A6N-13N-62-S209^2006-03-21,Canon Mensual Arriendo Inmueble,2022-02-21,465000,36
180,1,2022-11-22 07:28:38.871527+00:00,1,Canon Mensual Arriendo Inmueble^2022-03-21_A6N-13N-62-S209^2006-03-21,A6N-13N-62-S209^2006-03-21,Canon Mensual Arriendo Inmueble,2022-03-21,476000,37
181,1,2022-11-22 07:28:38.871537+00:00,1,Canon Mensual Arriendo Inmueble^2022-04-21_A6N-13N-62-S209^2006-03-21,A6N-13N-62-S209^2006-03-21,Canon Mensual Arriendo Inmueble,2022-04-21,476000,37
182,1,2022-11-22 07:28:38.871547+00:00,1,Canon Mensual Arriendo Inmueble^2022-05-21_A6N-13N-62-S209^2006-03-21,A6N-13N-62-S209^2006-03-21,Canon Mensual Arriendo Inmueble,2022-05-21,476000,37
183,1,2022-11-22 07:28:38.871557+00:00,1,Canon Mensual Arriendo Inmueble^2022-06-21_A6N-13N-62-S209^2006-03-21,A6N-13N-62-S209^2006-03-21,Canon Mensual Arriendo Inmueble,2022-06-21,476000,37
184,1,2022-11-22 07:28:38.871567+00:00,1,Canon Mensual Arriendo Inmueble^2022-07-21_A6N-13N-62-S209^2006-03-21,A6N-13N-62-S209^2006-03-21,Canon Mensual Arriendo Inmueble,2022-07-21,476000,37
185,1,2022-11-22 07:28:38.871577+00:00,1,Canon Mensual Arriendo Inmueble^2022-08-21_A6N-13N-62-S209^2006-03-21,A6N-13N-62-S209^2006-03-21,Canon Mensual Arriendo Inmueble,2022-08-21,476000,37
186,1,2022-11-22 07:28:38.871587+00:00,1,Canon Mensual Arriendo Inmueble^2022-09-21_A6N-13N-62-S209^2006-03-21,A6N-13N-62-S209^2006-03-21,Canon Mensual Arriendo Inmueble,2022-09-21,476000,37
187,1,2022-11-22 07:28:38.871597+00:00,1,Canon Mensual Arriendo Inmueble^2022-10-21_A6N-13N-62-S209^2006-03-21,A6N-13N-62-S209^2006-03-21,Canon Mensual Arriendo Inmueble,2022-10-21,476000,37
188,1,2022-11-22 07:28:38.871608+00:00,1,Canon Mensual Arriendo Inmueble^2021-12-20_A6N-13N-62-S210^2017-03-20,A6N-13N-62-S210^2017-03-20,Canon Mensual Arriendo Inmueble,2021-12-20,478000,38
189,1,2022-11-22 07:28:38.871618+00:00,1,Canon Mensual Arriendo Inmueble^2022-01-20_A6N-13N-62-S210^2017-03-20,A6N-13N-62-S210^2017-03-20,Canon Mensual Arriendo Inmueble,2022-01-20,478000,38
190,1,2022-11-22 07:28:38.871628+00:00,1,Canon Mensual Arriendo Inmueble^2022-02-20_A6N-13N-62-S210^2017-03-20,A6N-13N-62-S210^2017-03-20,Canon Mensual Arriendo Inmueble,2022-02-20,478000,38
191,1,2022-11-22 07:28:38.871639+00:00,1,Canon Mensual Arriendo Inmueble^2022-01-08_A6N-13N-62-S211^2017-03-08,A6N-13N-62-S211^2017-03-08,Canon Mensual Arriendo Inmueble,2022-01-08,467000,39
192,1,2022-11-22 07:28:38.871650+00:00,1,Canon Mensual Arriendo Inmueble^2022-02-08_A6N-13N-62-S211^2017-03-08,A6N-13N-62-S211^2017-03-08,Canon Mensual Arriendo Inmueble,2022-02-08,467000,39
193,1,2022-11-22 07:28:38.871660+00:00,1,Canon Mensual Arriendo Inmueble^2022-03-08_A6N-13N-62-S211^2017-03-08,A6N-13N-62-S211^2017-03-08,Canon Mensual Arriendo Inmueble,2022-03-08,478000,40
194,1,2022-11-22 07:28:38.871669+00:00,1,Canon Mensual Arriendo Inmueble^2022-04-08_A6N-13N-62-S211^2017-03-08,A6N-13N-62-S211^2017-03-08,Canon Mensual Arriendo Inmueble,2022-04-08,478000,40
195,1,2022-11-22 07:28:38.871679+00:00,1,Canon Mensual Arriendo Inmueble^2022-05-08_A6N-13N-62-S211^2017-03-08,A6N-13N-62-S211^2017-03-08,Canon Mensual Arriendo Inmueble,2022-05-08,478000,40
196,1,2022-11-22 07:28:38.871689+00:00,1,Canon Mensual Arriendo Inmueble^2022-06-08_A6N-13N-62-S211^2017-03-08,A6N-13N-62-S211^2017-03-08,Canon Mensual Arriendo Inmueble,2022-06-08,478000,40
197,1,2022-11-22 07:28:38.871699+00:00,1,Canon Mensual Arriendo Inmueble^2022-07-08_A6N-13N-62-S211^2017-03-08,A6N-13N-62-S211^2017-03-08,Canon Mensual Arriendo Inmueble,2022-07-08,478000,40
198,1,2022-11-22 07:28:38.871709+00:00,1,Canon Mensual Arriendo Inmueble^2022-08-08_A6N-13N-62-S211^2017-03-08,A6N-13N-62-S211^2017-03-08,Canon Mensual Arriendo Inmueble,2022-08-08,478000,40
199,1,2022-11-22 07:28:38.871718+00:00,1,Canon Mensual Arriendo Inmueble^2022-09-08_A6N-13N-62-S211^2017-03-08,A6N-13N-62-S211^2017-03-08,Canon Mensual Arriendo Inmueble,2022-09-08,478000,40
200,1,2022-11-22 07:28:38.871728+00:00,1,Canon Mensual Arriendo Inmueble^2022-10-08_A6N-13N-62-S211^2017-03-08,A6N-13N-62-S211^2017-03-08,Canon Mensual Arriendo Inmueble,2022-10-08,478000,40
201,1,2022-11-22 07:28:38.871749+00:00,1,Canon Mensual Arriendo Inmueble^2022-01-01_A6N-13N-62-S212^2011-09-01,A6N-13N-62-S212^2011-09-01,Canon Mensual Arriendo Inmueble,2022-01-01,467000,41
202,1,2022-11-22 07:28:38.871760+00:00,1,Canon Mensual Arriendo Inmueble^2022-02-01_A6N-13N-62-S212^2011-09-01,A6N-13N-62-S212^2011-09-01,Canon Mensual Arriendo Inmueble,2022-02-01,467000,41
203,1,2022-11-22 07:28:38.871770+00:00,1,Canon Mensual Arriendo Inmueble^2022-03-01_A6N-13N-62-S212^2011-09-01,A6N-13N-62-S212^2011-09-01,Canon Mensual Arriendo Inmueble,2022-03-01,467000,41
204,1,2022-11-22 07:28:38.871780+00:00,1,Canon Mensual Arriendo Inmueble^2022-04-01_A6N-13N-62-S212^2011-09-01,A6N-13N-62-S212^2011-09-01,Canon Mensual Arriendo Inmueble,2022-04-01,467000,41
205,1,2022-11-22 07:28:38.871790+00:00,1,Canon Mensual Arriendo Inmueble^2022-05-01_A6N-13N-62-S212^2011-09-01,A6N-13N-62-S212^2011-09-01,Canon Mensual Arriendo Inmueble,2022-05-01,467000,41
206,1,2022-11-22 07:28:38.871799+00:00,1,Canon Mensual Arriendo Inmueble^2022-06-01_A6N-13N-62-S212^2011-09-01,A6N-13N-62-S212^2011-09-01,Canon Mensual Arriendo Inmueble,2022-06-01,467000,41
207,1,2022-11-22 07:28:38.871809+00:00,1,Canon Mensual Arriendo Inmueble^2022-07-01_A6N-13N-62-S212^2011-09-01,A6N-13N-62-S212^2011-09-01,Canon Mensual Arriendo Inmueble,2022-07-01,467000,41
208,1,2022-11-22 07:28:38.871819+00:00,1,Canon Mensual Arriendo Inmueble^2022-08-01_A6N-13N-62-S212^2011-09-01,A6N-13N-62-S212^2011-09-01,Canon Mensual Arriendo Inmueble,2022-08-01,467000,41
209,1,2022-11-22 07:28:38.871828+00:00,1,Canon Mensual Arriendo Inmueble^2022-09-01_A6N-13N-62-S212^2011-09-01,A6N-13N-62-S212^2011-09-01,Canon Mensual Arriendo Inmueble,2022-09-01,650000,42
210,1,2022-11-22 07:28:38.871838+00:00,1,Canon Mensual Arriendo Inmueble^2022-10-01_A6N-13N-62-S212^2011-09-01,A6N-13N-62-S212^2011-09-01,Canon Mensual Arriendo Inmueble,2022-10-01,650000,42
211,1,2022-11-22 07:28:38.871848+00:00,1,Canon Mensual Arriendo Inmueble^2022-01-01_A6N-13N-62-S214^2018-10-01,A6N-13N-62-S214^2018-10-01,Canon Mensual Arriendo Inmueble,2022-01-01,467000,43
212,1,2022-11-22 07:28:38.871857+00:00,1,Canon Mensual Arriendo Inmueble^2022-02-01_A6N-13N-62-S214^2018-10-01,A6N-13N-62-S214^2018-10-01,Canon Mensual Arriendo Inmueble,2022-02-01,467000,43
213,1,2022-11-22 07:28:38.871868+00:00,1,Canon Mensual Arriendo Inmueble^2022-03-01_A6N-13N-62-S214^2018-10-01,A6N-13N-62-S214^2018-10-01,Canon Mensual Arriendo Inmueble,2022-03-01,467000,43
214,1,2022-11-22 07:28:38.871878+00:00,1,Canon Mensual Arriendo Inmueble^2022-04-01_A6N-13N-62-S214^2018-10-01,A6N-13N-62-S214^2018-10-01,Canon Mensual Arriendo Inmueble,2022-04-01,467000,43
215,1,2022-11-22 07:28:38.871889+00:00,1,Canon Mensual Arriendo Inmueble^2022-05-01_A6N-13N-62-S214^2018-10-01,A6N-13N-62-S214^2018-10-01,Canon Mensual Arriendo Inmueble,2022-05-01,467000,43
216,1,2022-11-22 07:28:38.871899+00:00,1,Canon Mensual Arriendo Inmueble^2022-06-01_A6N-13N-62-S214^2018-10-01,A6N-13N-62-S214^2018-10-01,Canon Mensual Arriendo Inmueble,2022-06-01,467000,43
217,1,2022-11-22 07:28:38.871910+00:00,1,Canon Mensual Arriendo Inmueble^2022-07-01_A6N-13N-62-S214^2018-10-01,A6N-13N-62-S214^2018-10-01,Canon Mensual Arriendo Inmueble,2022-07-01,467000,43
218,1,2022-11-22 07:28:38.871920+00:00,1,Canon Mensual Arriendo Inmueble^2022-08-01_A6N-13N-62-S214^2018-10-01,A6N-13N-62-S214^2018-10-01,Canon Mensual Arriendo Inmueble,2022-08-01,467000,43
219,1,2022-11-22 07:28:38.871930+00:00,1,Canon Mensual Arriendo Inmueble^2022-09-01_A6N-13N-62-S214^2018-10-01,A6N-13N-62-S214^2018-10-01,Canon Mensual Arriendo Inmueble,2022-09-01,467000,43
220,1,2022-11-22 07:28:38.871940+00:00,1,Canon Mensual Arriendo Inmueble^2022-10-01_A6N-13N-62-S214^2018-10-01,A6N-13N-62-S214^2018-10-01,Canon Mensual Arriendo Inmueble,2022-10-01,493000,44
221,1,2022-11-22 07:28:38.871950+00:00,1,Canon Mensual Arriendo Inmueble^2021-11-01_A6N-13N-62-S217^2018-12-01,A6N-13N-62-S217^2018-12-01,Canon Mensual Arriendo Inmueble,2021-11-01,472000,45
222,1,2022-11-22 07:28:38.873439+00:00,1,Canon Mensual Arriendo Inmueble^2021-12-01_A6N-13N-62-S217^2018-12-01,A6N-13N-62-S217^2018-12-01,Canon Mensual Arriendo Inmueble,2021-12-01,496000,46
223,1,2022-11-22 07:28:38.873463+00:00,1,Canon Mensual Arriendo Inmueble^2022-01-01_A6N-13N-62-S217^2018-12-01,A6N-13N-62-S217^2018-12-01,Canon Mensual Arriendo Inmueble,2022-01-01,496000,46
224,1,2022-11-22 07:28:38.873477+00:00,1,Canon Mensual Arriendo Inmueble^2022-02-01_A6N-13N-62-S217^2018-12-01,A6N-13N-62-S217^2018-12-01,Canon Mensual Arriendo Inmueble,2022-02-01,496000,46
225,1,2022-11-22 07:28:38.873488+00:00,1,Canon Mensual Arriendo Inmueble^2022-03-01_A6N-13N-62-S217^2018-12-01,A6N-13N-62-S217^2018-12-01,Canon Mensual Arriendo Inmueble,2022-03-01,496000,46
226,1,2022-11-22 07:28:38.873500+00:00,1,Canon Mensual Arriendo Inmueble^2022-04-01_A6N-13N-62-S217^2018-12-01,A6N-13N-62-S217^2018-12-01,Canon Mensual Arriendo Inmueble,2022-04-01,496000,46
227,1,2022-11-22 07:28:38.873511+00:00,1,Canon Mensual Arriendo Inmueble^2022-05-01_A6N-13N-62-S217^2018-12-01,A6N-13N-62-S217^2018-12-01,Canon Mensual Arriendo Inmueble,2022-05-01,496000,46
228,1,2022-11-22 07:28:38.873521+00:00,1,Canon Mensual Arriendo Inmueble^2022-06-01_A6N-13N-62-S217^2018-12-01,A6N-13N-62-S217^2018-12-01,Canon Mensual Arriendo Inmueble,2022-06-01,496000,46
229,1,2022-11-22 07:28:38.873533+00:00,1,Canon Mensual Arriendo Inmueble^2022-07-01_A6N-13N-62-S217^2018-12-01,A6N-13N-62-S217^2018-12-01,Canon Mensual Arriendo Inmueble,2022-07-01,496000,46
230,1,2022-11-22 07:28:38.873543+00:00,1,Canon Mensual Arriendo Inmueble^2022-08-01_A6N-13N-62-S217^2018-12-01,A6N-13N-62-S217^2018-12-01,Canon Mensual Arriendo Inmueble,2022-08-01,496000,46
231,1,2022-11-22 07:28:38.873553+00:00,1,Canon Mensual Arriendo Inmueble^2022-09-01_A6N-13N-62-S217^2018-12-01,A6N-13N-62-S217^2018-12-01,Canon Mensual Arriendo Inmueble,2022-09-01,496000,46
232,1,2022-11-22 07:28:38.873564+00:00,1,Canon Mensual Arriendo Inmueble^2022-10-01_A6N-13N-62-S217^2018-12-01,A6N-13N-62-S217^2018-12-01,Canon Mensual Arriendo Inmueble,2022-10-01,496000,46
233,1,2022-11-22 07:28:38.873575+00:00,1,Canon Mensual Arriendo Inmueble^2022-01-09_A6N-13N-62-S219^2004-02-09,A6N-13N-62-S219^2004-02-09,Canon Mensual Arriendo Inmueble,2022-01-09,468000,47
234,1,2022-11-22 07:28:38.873585+00:00,1,Canon Mensual Arriendo Inmueble^2022-02-09_A6N-13N-62-S219^2004-02-09,A6N-13N-62-S219^2004-02-09,Canon Mensual Arriendo Inmueble,2022-02-09,480000,48
235,1,2022-11-22 07:28:38.873596+00:00,1,Canon Mensual Arriendo Inmueble^2022-03-09_A6N-13N-62-S219^2004-02-09,A6N-13N-62-S219^2004-02-09,Canon Mensual Arriendo Inmueble,2022-03-09,480000,48
236,1,2022-11-22 07:28:38.873606+00:00,1,Canon Mensual Arriendo Inmueble^2022-04-09_A6N-13N-62-S219^2004-02-09,A6N-13N-62-S219^2004-02-09,Canon Mensual Arriendo Inmueble,2022-04-09,480000,48
237,1,2022-11-22 07:28:38.873617+00:00,1,Canon Mensual Arriendo Inmueble^2022-05-09_A6N-13N-62-S219^2004-02-09,A6N-13N-62-S219^2004-02-09,Canon Mensual Arriendo Inmueble,2022-05-09,480000,48
238,1,2022-11-22 07:28:38.873628+00:00,1,Canon Mensual Arriendo Inmueble^2022-06-09_A6N-13N-62-S219^2004-02-09,A6N-13N-62-S219^2004-02-09,Canon Mensual Arriendo Inmueble,2022-06-09,480000,48
239,1,2022-11-22 07:28:38.873638+00:00,1,Canon Mensual Arriendo Inmueble^2022-07-09_A6N-13N-62-S219^2004-02-09,A6N-13N-62-S219^2004-02-09,Canon Mensual Arriendo Inmueble,2022-07-09,480000,48
240,1,2022-11-22 07:28:38.873649+00:00,1,Canon Mensual Arriendo Inmueble^2022-08-09_A6N-13N-62-S219^2004-02-09,A6N-13N-62-S219^2004-02-09,Canon Mensual Arriendo Inmueble,2022-08-09,480000,48
241,1,2022-11-22 07:28:38.873659+00:00,1,Canon Mensual Arriendo Inmueble^2022-09-09_A6N-13N-62-S219^2004-02-09,A6N-13N-62-S219^2004-02-09,Canon Mensual Arriendo Inmueble,2022-09-09,480000,48
242,1,2022-11-22 07:28:38.873669+00:00,1,Canon Mensual Arriendo Inmueble^2022-10-09_A6N-13N-62-S219^2004-02-09,A6N-13N-62-S219^2004-02-09,Canon Mensual Arriendo Inmueble,2022-10-09,480000,48
243,1,2022-11-22 07:28:38.873679+00:00,1,Canon Mensual Arriendo Inmueble^2022-01-15_A6N-13N-62-S221^2018-06-15,A6N-13N-62-S221^2018-06-15,Canon Mensual Arriendo Inmueble,2022-01-15,342000,49
244,1,2022-11-22 07:28:38.873690+00:00,1,Canon Mensual Arriendo Inmueble^2022-02-15_A6N-13N-62-S221^2018-06-15,A6N-13N-62-S221^2018-06-15,Canon Mensual Arriendo Inmueble,2022-02-15,342000,49
245,1,2022-11-22 07:28:38.873700+00:00,1,Canon Mensual Arriendo Inmueble^2022-03-15_A6N-13N-62-S221^2018-06-15,A6N-13N-62-S221^2018-06-15,Canon Mensual Arriendo Inmueble,2022-03-15,342000,49
246,1,2022-11-22 07:28:38.873710+00:00,1,Canon Mensual Arriendo Inmueble^2022-04-15_A6N-13N-62-S221^2018-06-15,A6N-13N-62-S221^2018-06-15,Canon Mensual Arriendo Inmueble,2022-04-15,342000,49
247,1,2022-11-22 07:28:38.873720+00:00,1,Canon Mensual Arriendo Inmueble^2022-05-15_A6N-13N-62-S221^2018-06-15,A6N-13N-62-S221^2018-06-15,Canon Mensual Arriendo Inmueble,2022-05-15,342000,49
248,1,2022-11-22 07:28:38.873742+00:00,1,Canon Mensual Arriendo Inmueble^2022-06-15_A6N-13N-62-S221^2018-06-15,A6N-13N-62-S221^2018-06-15,Canon Mensual Arriendo Inmueble,2022-06-15,370000,50
249,1,2022-11-22 07:28:38.873757+00:00,1,Canon Mensual Arriendo Inmueble^2022-07-15_A6N-13N-62-S221^2018-06-15,A6N-13N-62-S221^2018-06-15,Canon Mensual Arriendo Inmueble,2022-07-15,370000,50
250,1,2022-11-22 07:28:38.873768+00:00,1,Canon Mensual Arriendo Inmueble^2022-08-15_A6N-13N-62-S221^2018-06-15,A6N-13N-62-S221^2018-06-15,Canon Mensual Arriendo Inmueble,2022-08-15,370000,50
251,1,2022-11-22 07:28:38.873778+00:00,1,Canon Mensual Arriendo Inmueble^2022-09-15_A6N-13N-62-S221^2018-06-15,A6N-13N-62-S221^2018-06-15,Canon Mensual Arriendo Inmueble,2022-09-15,370000,50
252,1,2022-11-22 07:28:38.873789+00:00,1,Canon Mensual Arriendo Inmueble^2022-10-15_A6N-13N-62-S221^2018-06-15,A6N-13N-62-S221^2018-06-15,Canon Mensual Arriendo Inmueble,2022-10-15,370000,50
253,1,2022-11-22 07:28:38.873799+00:00,1,Canon Mensual Arriendo Inmueble^2022-06-01_A6N-13N-62-S222^2022-06-01,A6N-13N-62-S222^2022-06-01,Canon Mensual Arriendo Inmueble,2022-06-01,570000,51
254,1,2022-11-22 07:28:38.873809+00:00,1,Canon Mensual Arriendo Inmueble^2022-07-01_A6N-13N-62-S222^2022-06-01,A6N-13N-62-S222^2022-06-01,Canon Mensual Arriendo Inmueble,2022-07-01,570000,51
255,1,2022-11-22 07:28:38.873820+00:00,1,Canon Mensual Arriendo Inmueble^2022-08-01_A6N-13N-62-S222^2022-06-01,A6N-13N-62-S222^2022-06-01,Canon Mensual Arriendo Inmueble,2022-08-01,570000,51
256,1,2022-11-22 07:28:38.873830+00:00,1,Canon Mensual Arriendo Inmueble^2022-09-01_A6N-13N-62-S222^2022-06-01,A6N-13N-62-S222^2022-06-01,Canon Mensual Arriendo Inmueble,2022-09-01,570000,51
257,1,2022-11-22 07:28:38.873841+00:00,1,Canon Mensual Arriendo Inmueble^2022-10-01_A6N-13N-62-S222^2022-06-01,A6N-13N-62-S222^2022-06-01,Canon Mensual Arriendo Inmueble,2022-10-01,570000,51
258,1,2022-11-22 07:28:38.873851+00:00,1,Canon Mensual Arriendo Inmueble^2022-01-01_A6N-13N-62-S301^2021-08-01,A6N-13N-62-S301^2021-08-01,Canon Mensual Arriendo Inmueble,2022-01-01,830000,52
259,1,2022-11-22 07:28:38.873862+00:00,1,Canon Mensual Arriendo Inmueble^2022-02-01_A6N-13N-62-S301^2021-08-01,A6N-13N-62-S301^2021-08-01,Canon Mensual Arriendo Inmueble,2022-02-01,830000,52
260,1,2022-11-22 07:28:38.873872+00:00,1,Canon Mensual Arriendo Inmueble^2022-03-01_A6N-13N-62-S301^2021-08-01,A6N-13N-62-S301^2021-08-01,Canon Mensual Arriendo Inmueble,2022-03-01,830000,52
261,1,2022-11-22 07:28:38.873883+00:00,1,Canon Mensual Arriendo Inmueble^2022-04-01_A6N-13N-62-S301^2021-08-01,A6N-13N-62-S301^2021-08-01,Canon Mensual Arriendo Inmueble,2022-04-01,830000,52
262,1,2022-11-22 07:28:38.873893+00:00,1,Canon Mensual Arriendo Inmueble^2022-05-01_A6N-13N-62-S301^2021-08-01,A6N-13N-62-S301^2021-08-01,Canon Mensual Arriendo Inmueble,2022-05-01,830000,52
263,1,2022-11-22 07:28:38.873903+00:00,1,Canon Mensual Arriendo Inmueble^2022-06-01_A6N-13N-62-S301^2021-08-01,A6N-13N-62-S301^2021-08-01,Canon Mensual Arriendo Inmueble,2022-06-01,830000,52
264,1,2022-11-22 07:28:38.873914+00:00,1,Canon Mensual Arriendo Inmueble^2022-07-01_A6N-13N-62-S301^2021-08-01,A6N-13N-62-S301^2021-08-01,Canon Mensual Arriendo Inmueble,2022-07-01,830000,52
265,1,2022-11-22 07:28:38.873924+00:00,1,Canon Mensual Arriendo Inmueble^2021-12-01_A6N-13N-62-S302^2021-08-01,A6N-13N-62-S302^2021-08-01,Canon Mensual Arriendo Inmueble,2021-12-01,700000,53
266,1,2022-11-22 07:28:38.873934+00:00,1,Canon Mensual Arriendo Inmueble^2022-01-01_A6N-13N-62-S302^2021-08-01,A6N-13N-62-S302^2021-08-01,Canon Mensual Arriendo Inmueble,2022-01-01,700000,53
267,1,2022-11-22 07:28:38.873945+00:00,1,Canon Mensual Arriendo Inmueble^2022-02-01_A6N-13N-62-S302^2021-08-01,A6N-13N-62-S302^2021-08-01,Canon Mensual Arriendo Inmueble,2022-02-01,700000,53
268,1,2022-11-22 07:28:38.873955+00:00,1,Canon Mensual Arriendo Inmueble^2022-03-01_A6N-13N-62-S302^2021-08-01,A6N-13N-62-S302^2021-08-01,Canon Mensual Arriendo Inmueble,2022-03-01,700000,53
269,1,2022-11-22 07:28:38.873966+00:00,1,Canon Mensual Arriendo Inmueble^2022-04-01_A6N-13N-62-S302^2021-08-01,A6N-13N-62-S302^2021-08-01,Canon Mensual Arriendo Inmueble,2022-04-01,700000,53
270,1,2022-11-22 07:28:38.873976+00:00,1,Canon Mensual Arriendo Inmueble^2022-05-01_A6N-13N-62-S302^2021-08-01,A6N-13N-62-S302^2021-08-01,Canon Mensual Arriendo Inmueble,2022-05-01,700000,53
271,1,2022-11-22 07:28:38.873986+00:00,1,Canon Mensual Arriendo Inmueble^2022-06-01_A6N-13N-62-S302^2021-08-01,A6N-13N-62-S302^2021-08-01,Canon Mensual Arriendo Inmueble,2022-06-01,700000,53
272,1,2022-11-22 07:28:38.873997+00:00,1,Canon Mensual Arriendo Inmueble^2022-07-01_A6N-13N-62-S302^2021-08-01,A6N-13N-62-S302^2021-08-01,Canon Mensual Arriendo Inmueble,2022-07-01,700000,53
273,1,2022-11-22 07:28:38.874007+00:00,1,Canon Mensual Arriendo Inmueble^2022-08-01_A6N-13N-62-S302^2021-08-01,A6N-13N-62-S302^2021-08-01,Canon Mensual Arriendo Inmueble,2022-08-01,780000,54
274,1,2022-11-22 07:28:38.874017+00:00,1,Canon Mensual Arriendo Inmueble^2022-09-01_A6N-13N-62-S302^2021-08-01,A6N-13N-62-S302^2021-08-01,Canon Mensual Arriendo Inmueble,2022-09-01,780000,54
275,1,2022-11-22 07:28:38.874028+00:00,1,Canon Mensual Arriendo Inmueble^2022-10-01_A6N-13N-62-S302^2021-08-01,A6N-13N-62-S302^2021-08-01,Canon Mensual Arriendo Inmueble,2022-10-01,780000,54
276,1,2022-11-22 07:28:38.874037+00:00,1,Canon Mensual Arriendo Inmueble^2022-02-07_A6N-13N-62-S303^2022-03-01,A6N-13N-62-S303^2022-03-01,Canon Mensual Arriendo Inmueble,2022-02-07,550000,55
277,1,2022-11-22 07:28:38.874048+00:00,1,Canon Mensual Arriendo Inmueble^2022-03-01_A6N-13N-62-S303^2022-03-01,A6N-13N-62-S303^2022-03-01,Canon Mensual Arriendo Inmueble,2022-03-01,700000,55
278,1,2022-11-22 07:28:38.874058+00:00,1,Canon Mensual Arriendo Inmueble^2022-04-01_A6N-13N-62-S303^2022-03-01,A6N-13N-62-S303^2022-03-01,Canon Mensual Arriendo Inmueble,2022-04-01,700000,55
279,1,2022-11-22 07:28:38.874068+00:00,1,Canon Mensual Arriendo Inmueble^2022-05-01_A6N-13N-62-S303^2022-03-01,A6N-13N-62-S303^2022-03-01,Canon Mensual Arriendo Inmueble,2022-05-01,700000,55
280,1,2022-11-22 07:28:38.874078+00:00,1,Canon Mensual Arriendo Inmueble^2022-06-01_A6N-13N-62-S303^2022-03-01,A6N-13N-62-S303^2022-03-01,Canon Mensual Arriendo Inmueble,2022-06-01,700000,55
281,1,2022-11-22 07:28:38.874088+00:00,1,Canon Mensual Arriendo Inmueble^2022-07-01_A6N-13N-62-S303^2022-03-01,A6N-13N-62-S303^2022-03-01,Canon Mensual Arriendo Inmueble,2022-07-01,700000,55
282,1,2022-11-22 07:28:38.874099+00:00,1,Canon Mensual Arriendo Inmueble^2022-08-01_A6N-13N-62-S303^2022-03-01,A6N-13N-62-S303^2022-03-01,Canon Mensual Arriendo Inmueble,2022-08-01,700000,55
283,1,2022-11-22 07:28:38.874109+00:00,1,Canon Mensual Arriendo Inmueble^2022-09-01_A6N-13N-62-S303^2022-03-01,A6N-13N-62-S303^2022-03-01,Canon Mensual Arriendo Inmueble,2022-09-01,700000,55
284,1,2022-11-22 07:28:38.874119+00:00,1,Canon Mensual Arriendo Inmueble^2022-10-01_A6N-13N-62-S303^2022-03-01,A6N-13N-62-S303^2022-03-01,Canon Mensual Arriendo Inmueble,2022-10-01,700000,55
285,1,2022-11-22 07:28:38.874129+00:00,1,Canon Mensual Arriendo Inmueble^2022-04-01_A6N-13N-62-S304^2022-04-01,A6N-13N-62-S304^2022-04-01,Canon Mensual Arriendo Inmueble,2022-04-01,700000,56
286,1,2022-11-22 07:28:38.874139+00:00,1,Canon Mensual Arriendo Inmueble^2022-05-01_A6N-13N-62-S304^2022-04-01,A6N-13N-62-S304^2022-04-01,Canon Mensual Arriendo Inmueble,2022-05-01,700000,56
287,1,2022-11-22 07:28:38.874150+00:00,1,Canon Mensual Arriendo Inmueble^2022-06-01_A6N-13N-62-S304^2022-04-01,A6N-13N-62-S304^2022-04-01,Canon Mensual Arriendo Inmueble,2022-06-01,700000,56
288,1,2022-11-22 07:28:38.874160+00:00,1,Canon Mensual Arriendo Inmueble^2022-07-01_A6N-13N-62-S304^2022-04-01,A6N-13N-62-S304^2022-04-01,Canon Mensual Arriendo Inmueble,2022-07-01,700000,56
289,1,2022-11-22 07:28:38.874171+00:00,1,Canon Mensual Arriendo Inmueble^2022-08-01_A6N-13N-62-S304^2022-04-01,A6N-13N-62-S304^2022-04-01,Canon Mensual Arriendo Inmueble,2022-08-01,700000,56
290,1,2022-11-22 07:28:38.874181+00:00,1,Canon Mensual Arriendo Inmueble^2022-09-01_A6N-13N-62-S304^2022-04-01,A6N-13N-62-S304^2022-04-01,Canon Mensual Arriendo Inmueble,2022-09-01,700000,56
291,1,2022-11-22 07:28:38.874191+00:00,1,Canon Mensual Arriendo Inmueble^2022-10-01_A6N-13N-62-S304^2022-04-01,A6N-13N-62-S304^2022-04-01,Canon Mensual Arriendo Inmueble,2022-10-01,700000,56
292,1,2022-11-22 07:28:38.874201+00:00,1,Canon Mensual Arriendo Inmueble^2022-01-01_A6N-13N-62-S305^2021-02-01,A6N-13N-62-S305^2021-02-01,Canon Mensual Arriendo Inmueble,2022-01-01,750000,57
293,1,2022-11-22 07:28:38.874211+00:00,1,Canon Mensual Arriendo Inmueble^2022-02-01_A6N-13N-62-S305^2021-02-01,A6N-13N-62-S305^2021-02-01,Canon Mensual Arriendo Inmueble,2022-02-01,785000,58
294,1,2022-11-22 07:28:38.874222+00:00,1,Canon Mensual Arriendo Inmueble^2022-03-01_A6N-13N-62-S305^2021-02-01,A6N-13N-62-S305^2021-02-01,Canon Mensual Arriendo Inmueble,2022-03-01,785000,58
295,1,2022-11-22 07:28:38.874232+00:00,1,Canon Mensual Arriendo Inmueble^2022-04-01_A6N-13N-62-S305^2021-02-01,A6N-13N-62-S305^2021-02-01,Canon Mensual Arriendo Inmueble,2022-04-01,785000,58
296,1,2022-11-22 07:28:38.874243+00:00,1,Canon Mensual Arriendo Inmueble^2022-05-01_A6N-13N-62-S305^2021-02-01,A6N-13N-62-S305^2021-02-01,Canon Mensual Arriendo Inmueble,2022-05-01,785000,58
297,1,2022-11-22 07:28:38.874253+00:00,1,Canon Mensual Arriendo Inmueble^2022-06-01_A6N-13N-62-S305^2021-02-01,A6N-13N-62-S305^2021-02-01,Canon Mensual Arriendo Inmueble,2022-06-01,785000,58
298,1,2022-11-22 07:28:38.874263+00:00,1,Canon Mensual Arriendo Inmueble^2022-07-01_A6N-13N-62-S305^2021-02-01,A6N-13N-62-S305^2021-02-01,Canon Mensual Arriendo Inmueble,2022-07-01,785000,58
299,1,2022-11-22 07:28:38.874274+00:00,1,Canon Mensual Arriendo Inmueble^2022-08-01_A6N-13N-62-S305^2021-02-01,A6N-13N-62-S305^2021-02-01,Canon Mensual Arriendo Inmueble,2022-08-01,785000,58
300,1,2022-11-22 07:28:38.874285+00:00,1,Canon Mensual Arriendo Inmueble^2022-09-01_A6N-13N-62-S305^2021-02-01,A6N-13N-62-S305^2021-02-01,Canon Mensual Arriendo Inmueble,2022-09-01,785000,58
301,1,2022-11-22 07:28:38.874296+00:00,1,Canon Mensual Arriendo Inmueble^2022-10-01_A6N-13N-62-S305^2021-02-01,A6N-13N-62-S305^2021-02-01,Canon Mensual Arriendo Inmueble,2022-10-01,785000,58
302,1,2022-11-22 07:28:38.874306+00:00,1,Canon Mensual Arriendo Inmueble^2021-11-01_A6N-13N-62-S306^2018-06-01,A6N-13N-62-S306^2018-06-01,Canon Mensual Arriendo Inmueble,2021-11-01,458000,59
303,1,2022-11-22 07:28:38.874316+00:00,1,Canon Mensual Arriendo Inmueble^2021-12-01_A6N-13N-62-S306^2018-06-01,A6N-13N-62-S306^2018-06-01,Canon Mensual Arriendo Inmueble,2021-12-01,458000,59
304,1,2022-11-22 07:28:38.874326+00:00,1,Canon Mensual Arriendo Inmueble^2022-01-01_A6N-13N-62-S306^2018-06-01,A6N-13N-62-S306^2018-06-01,Canon Mensual Arriendo Inmueble,2022-01-01,458000,59
305,1,2022-11-22 07:28:38.874336+00:00,1,Canon Mensual Arriendo Inmueble^2022-02-01_A6N-13N-62-S306^2018-06-01,A6N-13N-62-S306^2018-06-01,Canon Mensual Arriendo Inmueble,2022-02-01,458000,59
306,1,2022-11-22 07:28:38.874346+00:00,1,Canon Mensual Arriendo Inmueble^2022-03-01_A6N-13N-62-S306^2018-06-01,A6N-13N-62-S306^2018-06-01,Canon Mensual Arriendo Inmueble,2022-03-01,458000,59
307,1,2022-11-22 07:28:38.874356+00:00,1,Canon Mensual Arriendo Inmueble^2022-04-01_A6N-13N-62-S306^2018-06-01,A6N-13N-62-S306^2018-06-01,Canon Mensual Arriendo Inmueble,2022-04-01,458000,59
308,1,2022-11-22 07:28:38.874366+00:00,1,Canon Mensual Arriendo Inmueble^2022-05-01_A6N-13N-62-S306^2018-06-01,A6N-13N-62-S306^2018-06-01,Canon Mensual Arriendo Inmueble,2022-05-01,458000,59
309,1,2022-11-22 07:28:38.874376+00:00,1,Canon Mensual Arriendo Inmueble^2022-06-01_A6N-13N-62-S306^2018-06-01,A6N-13N-62-S306^2018-06-01,Canon Mensual Arriendo Inmueble,2022-06-01,458000,60
310,1,2022-11-22 07:28:38.874386+00:00,1,Canon Mensual Arriendo Inmueble^2022-07-01_A6N-13N-62-S306^2018-06-01,A6N-13N-62-S306^2018-06-01,Canon Mensual Arriendo Inmueble,2022-07-01,458000,60
311,1,2022-11-22 07:28:38.874397+00:00,1,Canon Mensual Arriendo Inmueble^2022-08-01_A6N-13N-62-S306^2018-06-01,A6N-13N-62-S306^2018-06-01,Canon Mensual Arriendo Inmueble,2022-08-01,458000,60
312,1,2022-11-22 07:28:38.874407+00:00,1,Canon Mensual Arriendo Inmueble^2022-09-01_A6N-13N-62-S306^2018-06-01,A6N-13N-62-S306^2018-06-01,Canon Mensual Arriendo Inmueble,2022-09-01,458000,60
313,1,2022-11-22 07:28:38.874417+00:00,1,Canon Mensual Arriendo Inmueble^2022-10-01_A6N-13N-62-S306^2018-06-01,A6N-13N-62-S306^2018-06-01,Canon Mensual Arriendo Inmueble,2022-10-01,458000,60
314,1,2022-11-22 07:28:38.874427+00:00,1,Canon Mensual Arriendo Inmueble^2022-03-01_A6N-13N-62-S308^2022-03-01,A6N-13N-62-S308^2022-03-01,Canon Mensual Arriendo Inmueble,2022-03-01,390000,61
315,1,2022-11-22 07:28:38.874437+00:00,1,Canon Mensual Arriendo Inmueble^2022-04-01_A6N-13N-62-S308^2022-03-01,A6N-13N-62-S308^2022-03-01,Canon Mensual Arriendo Inmueble,2022-04-01,390000,61
316,1,2022-11-22 07:28:38.874447+00:00,1,Canon Mensual Arriendo Inmueble^2022-05-01_A6N-13N-62-S308^2022-03-01,A6N-13N-62-S308^2022-03-01,Canon Mensual Arriendo Inmueble,2022-05-01,390000,61
317,1,2022-11-22 07:28:38.874457+00:00,1,Canon Mensual Arriendo Inmueble^2022-07-01_A6N-13N-62-S308^2022-07-01,A6N-13N-62-S308^2022-07-01,Canon Mensual Arriendo Inmueble,2022-07-01,390000,62
318,1,2022-11-22 07:28:38.874467+00:00,1,Canon Mensual Arriendo Inmueble^2022-08-01_A6N-13N-62-S308^2022-07-01,A6N-13N-62-S308^2022-07-01,Canon Mensual Arriendo Inmueble,2022-08-01,390000,62
319,1,2022-11-22 07:28:38.874477+00:00,1,Canon Mensual Arriendo Inmueble^2022-09-01_A6N-13N-62-S308^2022-07-01,A6N-13N-62-S308^2022-07-01,Canon Mensual Arriendo Inmueble,2022-09-01,390000,62
320,1,2022-11-22 07:28:38.874487+00:00,1,Canon Mensual Arriendo Inmueble^2022-10-01_A6N-13N-62-S308^2022-07-01,A6N-13N-62-S308^2022-07-01,Canon Mensual Arriendo Inmueble,2022-10-01,390000,62
321,1,2022-11-22 07:28:38.874497+00:00,1,Canon Mensual Arriendo Inmueble^2022-03-01_A6N-13N-62-S309^2022-03-01,A6N-13N-62-S309^2022-03-01,Canon Mensual Arriendo Inmueble,2022-03-01,390000,63
322,1,2022-11-22 07:28:38.874507+00:00,1,Canon Mensual Arriendo Inmueble^2022-04-01_A6N-13N-62-S309^2022-03-01,A6N-13N-62-S309^2022-03-01,Canon Mensual Arriendo Inmueble,2022-04-01,390000,63
323,1,2022-11-22 07:28:38.874517+00:00,1,Canon Mensual Arriendo Inmueble^2022-05-01_A6N-13N-62-S309^2022-03-01,A6N-13N-62-S309^2022-03-01,Canon Mensual Arriendo Inmueble,2022-05-01,390000,63
324,1,2022-11-22 07:28:38.874528+00:00,1,Canon Mensual Arriendo Inmueble^2022-06-01_A6N-13N-62-S309^2022-03-01,A6N-13N-62-S309^2022-03-01,Canon Mensual Arriendo Inmueble,2022-06-01,390000,63
325,1,2022-11-22 07:28:38.874553+00:00,1,Canon Mensual Arriendo Inmueble^2022-07-01_A6N-13N-62-S309^2022-03-01,A6N-13N-62-S309^2022-03-01,Canon Mensual Arriendo Inmueble,2022-07-01,390000,63
326,1,2022-11-22 07:28:38.874568+00:00,1,Canon Mensual Arriendo Inmueble^2022-08-01_A6N-13N-62-S309^2022-03-01,A6N-13N-62-S309^2022-03-01,Canon Mensual Arriendo Inmueble,2022-08-01,390000,63
327,1,2022-11-22 07:28:38.874579+00:00,1,Canon Mensual Arriendo Inmueble^2022-09-01_A6N-13N-62-S309^2022-03-01,A6N-13N-62-S309^2022-03-01,Canon Mensual Arriendo Inmueble,2022-09-01,390000,63
328,1,2022-11-22 07:28:38.874590+00:00,1,Canon Mensual Arriendo Inmueble^2022-10-01_A6N-13N-62-S309^2022-03-01,A6N-13N-62-S309^2022-03-01,Canon Mensual Arriendo Inmueble,2022-10-01,390000,63
329,1,2022-11-22 07:28:38.874601+00:00,1,Canon Mensual Arriendo Inmueble^2022-01-01_A6N-13N-62-S310^2021-12-01,A6N-13N-62-S310^2021-12-01,Canon Mensual Arriendo Inmueble,2022-01-01,390000,64
330,1,2022-11-22 07:28:38.874611+00:00,1,Canon Mensual Arriendo Inmueble^2022-07-01_A6N-13N-62-S310^2022-07-01,A6N-13N-62-S310^2022-07-01,Canon Mensual Arriendo Inmueble,2022-07-01,390000,65
331,1,2022-11-22 07:28:38.874621+00:00,1,Canon Mensual Arriendo Inmueble^2022-08-01_A6N-13N-62-S310^2022-07-01,A6N-13N-62-S310^2022-07-01,Canon Mensual Arriendo Inmueble,2022-08-01,390000,65
332,1,2022-11-22 07:28:38.874631+00:00,1,Canon Mensual Arriendo Inmueble^2022-09-01_A6N-13N-62-S310^2022-07-01,A6N-13N-62-S310^2022-07-01,Canon Mensual Arriendo Inmueble,2022-09-01,390000,65
333,1,2022-11-22 07:28:38.881025+00:00,1,Canon Mensual Arriendo Inmueble^2022-10-01_A6N-13N-62-S310^2022-07-01,A6N-13N-62-S310^2022-07-01,Canon Mensual Arriendo Inmueble,2022-10-01,390000,65
334,1,2022-11-22 07:28:38.881049+00:00,1,Canon Mensual Arriendo Inmueble^2022-01-01_A6N-13N-62-S311^2021-11-01,A6N-13N-62-S311^2021-11-01,Canon Mensual Arriendo Inmueble,2022-01-01,390000,66
335,1,2022-11-22 07:28:38.881062+00:00,1,Canon Mensual Arriendo Inmueble^2022-02-01_A6N-13N-62-S311^2021-11-01,A6N-13N-62-S311^2021-11-01,Canon Mensual Arriendo Inmueble,2022-02-01,390000,66
336,1,2022-11-22 07:28:38.881074+00:00,1,Canon Mensual Arriendo Inmueble^2022-03-01_A6N-13N-62-S311^2021-11-01,A6N-13N-62-S311^2021-11-01,Canon Mensual Arriendo Inmueble,2022-03-01,390000,66
337,1,2022-11-22 07:28:38.881084+00:00,1,Canon Mensual Arriendo Inmueble^2022-04-01_A6N-13N-62-S311^2021-11-01,A6N-13N-62-S311^2021-11-01,Canon Mensual Arriendo Inmueble,2022-04-01,390000,66
338,1,2022-11-22 07:28:38.881095+00:00,1,Canon Mensual Arriendo Inmueble^2022-05-01_A6N-13N-62-S311^2021-11-01,A6N-13N-62-S311^2021-11-01,Canon Mensual Arriendo Inmueble,2022-05-01,390000,66
339,1,2022-11-22 07:28:38.881105+00:00,1,Canon Mensual Arriendo Inmueble^2022-06-01_A6N-13N-62-S311^2021-11-01,A6N-13N-62-S311^2021-11-01,Canon Mensual Arriendo Inmueble,2022-06-01,390000,66
340,1,2022-11-22 07:28:38.881115+00:00,1,Canon Mensual Arriendo Inmueble^2022-07-01_A6N-13N-62-S311^2021-11-01,A6N-13N-62-S311^2021-11-01,Canon Mensual Arriendo Inmueble,2022-07-01,390000,66
341,1,2022-11-22 07:28:38.881125+00:00,1,Canon Mensual Arriendo Inmueble^2022-08-01_A6N-13N-62-S311^2021-11-01,A6N-13N-62-S311^2021-11-01,Canon Mensual Arriendo Inmueble,2022-08-01,390000,66
342,1,2022-11-22 07:28:38.881135+00:00,1,Canon Mensual Arriendo Inmueble^2022-09-01_A6N-13N-62-S311^2021-11-01,A6N-13N-62-S311^2021-11-01,Canon Mensual Arriendo Inmueble,2022-09-01,390000,66
343,1,2022-11-22 07:28:38.881146+00:00,1,Canon Mensual Arriendo Inmueble^2022-10-01_A6N-13N-62-S311^2021-11-01,A6N-13N-62-S311^2021-11-01,Canon Mensual Arriendo Inmueble,2022-10-01,390000,66
344,1,2022-11-22 07:28:38.881156+00:00,1,Canon Mensual Arriendo Inmueble^2022-01-01_A6N-13N-62-S312^2017-06-01,A6N-13N-62-S312^2017-06-01,Canon Mensual Arriendo Inmueble,2022-01-01,490000,67
345,1,2022-11-22 07:28:38.881166+00:00,1,Canon Mensual Arriendo Inmueble^2022-02-01_A6N-13N-62-S312^2017-06-01,A6N-13N-62-S312^2017-06-01,Canon Mensual Arriendo Inmueble,2022-02-01,490000,67
346,1,2022-11-22 07:28:38.881177+00:00,1,Canon Mensual Arriendo Inmueble^2022-03-01_A6N-13N-62-S312^2017-06-01,A6N-13N-62-S312^2017-06-01,Canon Mensual Arriendo Inmueble,2022-03-01,490000,67
347,1,2022-11-22 07:28:38.881187+00:00,1,Canon Mensual Arriendo Inmueble^2022-04-01_A6N-13N-62-S312^2017-06-01,A6N-13N-62-S312^2017-06-01,Canon Mensual Arriendo Inmueble,2022-04-01,490000,67
348,1,2022-11-22 07:28:38.881198+00:00,1,Canon Mensual Arriendo Inmueble^2022-05-01_A6N-13N-62-S312^2017-06-01,A6N-13N-62-S312^2017-06-01,Canon Mensual Arriendo Inmueble,2022-05-01,490000,67
349,1,2022-11-22 07:28:38.881208+00:00,1,Canon Mensual Arriendo Inmueble^2022-06-01_A6N-13N-62-S312^2017-06-01,A6N-13N-62-S312^2017-06-01,Canon Mensual Arriendo Inmueble,2022-06-01,530000,68
350,1,2022-11-22 07:28:38.881218+00:00,1,Canon Mensual Arriendo Inmueble^2022-07-01_A6N-13N-62-S312^2017-06-01,A6N-13N-62-S312^2017-06-01,Canon Mensual Arriendo Inmueble,2022-07-01,530000,68
351,1,2022-11-22 07:28:38.881228+00:00,1,Canon Mensual Arriendo Inmueble^2022-08-01_A6N-13N-62-S312^2017-06-01,A6N-13N-62-S312^2017-06-01,Canon Mensual Arriendo Inmueble,2022-08-01,530000,68
352,1,2022-11-22 07:28:38.881238+00:00,1,Canon Mensual Arriendo Inmueble^2022-09-01_A6N-13N-62-S312^2017-06-01,A6N-13N-62-S312^2017-06-01,Canon Mensual Arriendo Inmueble,2022-09-01,530000,68
353,1,2022-11-22 07:28:38.881248+00:00,1,Canon Mensual Arriendo Inmueble^2022-10-01_A6N-13N-62-S312^2017-06-01,A6N-13N-62-S312^2017-06-01,Canon Mensual Arriendo Inmueble,2022-10-01,530000,68
354,1,2022-11-22 07:28:38.881258+00:00,1,Canon Mensual Arriendo Inmueble^2022-01-01_A6N-13N-62-S314^2019-06-01,A6N-13N-62-S314^2019-06-01,Canon Mensual Arriendo Inmueble,2022-01-01,455000,69
355,1,2022-11-22 07:28:38.881269+00:00,1,Canon Mensual Arriendo Inmueble^2022-02-01_A6N-13N-62-S314^2019-06-01,A6N-13N-62-S314^2019-06-01,Canon Mensual Arriendo Inmueble,2022-02-01,455000,69
356,1,2022-11-22 07:28:38.881279+00:00,1,Canon Mensual Arriendo Inmueble^2022-03-01_A6N-13N-62-S314^2019-06-01,A6N-13N-62-S314^2019-06-01,Canon Mensual Arriendo Inmueble,2022-03-01,455000,69
357,1,2022-11-22 07:28:38.881289+00:00,1,Canon Mensual Arriendo Inmueble^2022-04-01_A6N-13N-62-S314^2019-06-01,A6N-13N-62-S314^2019-06-01,Canon Mensual Arriendo Inmueble,2022-04-01,455000,69
358,1,2022-11-22 07:28:38.881300+00:00,1,Canon Mensual Arriendo Inmueble^2022-05-01_A6N-13N-62-S314^2019-06-01,A6N-13N-62-S314^2019-06-01,Canon Mensual Arriendo Inmueble,2022-05-01,455000,69
359,1,2022-11-22 07:28:38.881310+00:00,1,Canon Mensual Arriendo Inmueble^2022-06-01_A6N-13N-62-S314^2019-06-01,A6N-13N-62-S314^2019-06-01,Canon Mensual Arriendo Inmueble,2022-06-01,500000,70
360,1,2022-11-22 07:28:38.881321+00:00,1,Canon Mensual Arriendo Inmueble^2022-07-01_A6N-13N-62-S314^2019-06-01,A6N-13N-62-S314^2019-06-01,Canon Mensual Arriendo Inmueble,2022-07-01,500000,70
361,1,2022-11-22 07:28:38.881332+00:00,1,Canon Mensual Arriendo Inmueble^2022-08-01_A6N-13N-62-S314^2019-06-01,A6N-13N-62-S314^2019-06-01,Canon Mensual Arriendo Inmueble,2022-08-01,500000,70
362,1,2022-11-22 07:28:38.881342+00:00,1,Canon Mensual Arriendo Inmueble^2022-09-01_A6N-13N-62-S314^2019-06-01,A6N-13N-62-S314^2019-06-01,Canon Mensual Arriendo Inmueble,2022-09-01,500000,70
363,1,2022-11-22 07:28:38.881353+00:00,1,Canon Mensual Arriendo Inmueble^2022-10-01_A6N-13N-62-S314^2019-06-01,A6N-13N-62-S314^2019-06-01,Canon Mensual Arriendo Inmueble,2022-10-01,500000,70
364,1,2022-11-22 07:28:38.881364+00:00,1,Canon Mensual Arriendo Inmueble^2022-01-01_A6N-13N-62-S315^2019-08-01,A6N-13N-62-S315^2019-08-01,Canon Mensual Arriendo Inmueble,2022-01-01,310000,71
365,1,2022-11-22 07:28:38.881374+00:00,1,Canon Mensual Arriendo Inmueble^2022-02-01_A6N-13N-62-S315^2019-08-01,A6N-13N-62-S315^2019-08-01,Canon Mensual Arriendo Inmueble,2022-02-01,310000,71
366,1,2022-11-22 07:28:38.881384+00:00,1,Canon Mensual Arriendo Inmueble^2022-03-01_A6N-13N-62-S315^2019-08-01,A6N-13N-62-S315^2019-08-01,Canon Mensual Arriendo Inmueble,2022-03-01,310000,71
367,1,2022-11-22 07:28:38.881395+00:00,1,Canon Mensual Arriendo Inmueble^2022-04-01_A6N-13N-62-S315^2019-08-01,A6N-13N-62-S315^2019-08-01,Canon Mensual Arriendo Inmueble,2022-04-01,310000,71
368,1,2022-11-22 07:28:38.881405+00:00,1,Canon Mensual Arriendo Inmueble^2022-05-01_A6N-13N-62-S315^2019-08-01,A6N-13N-62-S315^2019-08-01,Canon Mensual Arriendo Inmueble,2022-05-01,310000,71
369,1,2022-11-22 07:28:38.881416+00:00,1,Canon Mensual Arriendo Inmueble^2022-06-01_A6N-13N-62-S315^2019-08-01,A6N-13N-62-S315^2019-08-01,Canon Mensual Arriendo Inmueble,2022-06-01,310000,71
370,1,2022-11-22 07:28:38.881426+00:00,1,Canon Mensual Arriendo Inmueble^2022-06-03_A6N-13N-62-S317^2022-06-01,A6N-13N-62-S317^2022-06-01,Canon Mensual Arriendo Inmueble,2022-06-03,364000,72
371,1,2022-11-22 07:28:38.881436+00:00,1,Canon Mensual Arriendo Inmueble^2022-07-01_A6N-13N-62-S317^2022-06-01,A6N-13N-62-S317^2022-06-01,Canon Mensual Arriendo Inmueble,2022-07-01,390000,72
372,1,2022-11-22 07:28:38.881447+00:00,1,Canon Mensual Arriendo Inmueble^2022-08-01_A6N-13N-62-S317^2022-06-01,A6N-13N-62-S317^2022-06-01,Canon Mensual Arriendo Inmueble,2022-08-01,390000,72
373,1,2022-11-22 07:28:38.881457+00:00,1,Canon Mensual Arriendo Inmueble^2022-09-01_A6N-13N-62-S317^2022-06-01,A6N-13N-62-S317^2022-06-01,Canon Mensual Arriendo Inmueble,2022-09-01,390000,72
374,1,2022-11-22 07:28:38.881467+00:00,1,Canon Mensual Arriendo Inmueble^2022-10-01_A6N-13N-62-S317^2022-06-01,A6N-13N-62-S317^2022-06-01,Canon Mensual Arriendo Inmueble,2022-10-01,390000,72
375,1,2022-11-22 07:28:38.881477+00:00,1,Canon Mensual Arriendo Inmueble^2022-01-01_A6N-13N-62-S318^2021-08-01,A6N-13N-62-S318^2021-08-01,Canon Mensual Arriendo Inmueble,2022-01-01,290000,73
376,1,2022-11-22 07:28:38.881486+00:00,1,Canon Mensual Arriendo Inmueble^2022-02-01_A6N-13N-62-S318^2021-08-01,A6N-13N-62-S318^2021-08-01,Canon Mensual Arriendo Inmueble,2022-02-01,290000,73
377,1,2022-11-22 07:28:38.881496+00:00,1,Canon Mensual Arriendo Inmueble^2022-03-01_A6N-13N-62-S318^2021-08-01,A6N-13N-62-S318^2021-08-01,Canon Mensual Arriendo Inmueble,2022-03-01,290000,73
378,1,2022-11-22 07:28:38.881506+00:00,1,Canon Mensual Arriendo Inmueble^2022-04-01_A6N-13N-62-S318^2021-08-01,A6N-13N-62-S318^2021-08-01,Canon Mensual Arriendo Inmueble,2022-04-01,290000,73
379,1,2022-11-22 07:28:38.881516+00:00,1,Canon Mensual Arriendo Inmueble^2022-05-01_A6N-13N-62-S318^2021-08-01,A6N-13N-62-S318^2021-08-01,Canon Mensual Arriendo Inmueble,2022-05-01,290000,73
380,1,2022-11-22 07:28:38.881526+00:00,1,Canon Mensual Arriendo Inmueble^2022-06-01_A6N-13N-62-S318^2021-08-01,A6N-13N-62-S318^2021-08-01,Canon Mensual Arriendo Inmueble,2022-06-01,290000,73
381,1,2022-11-22 07:28:38.881537+00:00,1,Canon Mensual Arriendo Inmueble^2022-07-01_A6N-13N-62-S318^2021-08-01,A6N-13N-62-S318^2021-08-01,Canon Mensual Arriendo Inmueble,2022-07-01,290000,73
382,1,2022-11-22 07:28:38.881547+00:00,1,Canon Mensual Arriendo Inmueble^2022-08-01_A6N-13N-62-S318^2021-08-01,A6N-13N-62-S318^2021-08-01,Canon Mensual Arriendo Inmueble,2022-08-01,323000,74
383,1,2022-11-22 07:28:38.881557+00:00,1,Canon Mensual Arriendo Inmueble^2022-09-01_A6N-13N-62-S318^2021-08-01,A6N-13N-62-S318^2021-08-01,Canon Mensual Arriendo Inmueble,2022-09-01,323000,74
384,1,2022-11-22 07:28:38.881568+00:00,1,Canon Mensual Arriendo Inmueble^2022-10-01_A6N-13N-62-S318^2021-08-01,A6N-13N-62-S318^2021-08-01,Canon Mensual Arriendo Inmueble,2022-10-01,323000,74
385,1,2022-11-22 07:28:38.881578+00:00,1,Canon Mensual Arriendo Inmueble^2022-01-01_A6N-13N-62-S319^2021-08-01,A6N-13N-62-S319^2021-08-01,Canon Mensual Arriendo Inmueble,2022-01-01,470000,75
386,1,2022-11-22 07:28:38.881588+00:00,1,Canon Mensual Arriendo Inmueble^2022-02-01_A6N-13N-62-S319^2021-08-01,A6N-13N-62-S319^2021-08-01,Canon Mensual Arriendo Inmueble,2022-02-01,470000,75
387,1,2022-11-22 07:28:38.881597+00:00,1,Canon Mensual Arriendo Inmueble^2022-03-01_A6N-13N-62-S319^2021-08-01,A6N-13N-62-S319^2021-08-01,Canon Mensual Arriendo Inmueble,2022-03-01,470000,75
388,1,2022-11-22 07:28:38.881607+00:00,1,Canon Mensual Arriendo Inmueble^2022-04-01_A6N-13N-62-S319^2021-08-01,A6N-13N-62-S319^2021-08-01,Canon Mensual Arriendo Inmueble,2022-04-01,470000,75
389,1,2022-11-22 07:28:38.881617+00:00,1,Canon Mensual Arriendo Inmueble^2022-05-01_A6N-13N-62-S319^2021-08-01,A6N-13N-62-S319^2021-08-01,Canon Mensual Arriendo Inmueble,2022-05-01,470000,75
390,1,2022-11-22 07:28:38.881627+00:00,1,Canon Mensual Arriendo Inmueble^2022-06-01_A6N-13N-62-S319^2021-08-01,A6N-13N-62-S319^2021-08-01,Canon Mensual Arriendo Inmueble,2022-06-01,470000,75
391,1,2022-11-22 07:28:38.881637+00:00,1,Canon Mensual Arriendo Inmueble^2022-07-01_A6N-13N-62-S319^2021-08-01,A6N-13N-62-S319^2021-08-01,Canon Mensual Arriendo Inmueble,2022-07-01,470000,75
392,1,2022-11-22 07:28:38.881647+00:00,1,Canon Mensual Arriendo Inmueble^2022-08-01_A6N-13N-62-S319^2021-08-01,A6N-13N-62-S319^2021-08-01,Canon Mensual Arriendo Inmueble,2022-08-01,524000,76
393,1,2022-11-22 07:28:38.881657+00:00,1,Canon Mensual Arriendo Inmueble^2022-09-01_A6N-13N-62-S319^2021-08-01,A6N-13N-62-S319^2021-08-01,Canon Mensual Arriendo Inmueble,2022-09-01,524000,76
394,1,2022-11-22 07:28:38.881668+00:00,1,Canon Mensual Arriendo Inmueble^2022-10-01_A6N-13N-62-S319^2021-08-01,A6N-13N-62-S319^2021-08-01,Canon Mensual Arriendo Inmueble,2022-10-01,524000,76
395,1,2022-11-22 07:28:38.881678+00:00,1,Canon Mensual Arriendo Inmueble^2022-01-13_A6N-13N-62-S321^1996-08-13,A6N-13N-62-S321^1996-08-13,Canon Mensual Arriendo Inmueble,2022-01-13,347000,77
396,1,2022-11-22 07:28:38.881688+00:00,1,Canon Mensual Arriendo Inmueble^2022-02-13_A6N-13N-62-S321^1996-08-13,A6N-13N-62-S321^1996-08-13,Canon Mensual Arriendo Inmueble,2022-02-13,347000,77
397,1,2022-11-22 07:28:38.881698+00:00,1,Canon Mensual Arriendo Inmueble^2022-03-13_A6N-13N-62-S321^1996-08-13,A6N-13N-62-S321^1996-08-13,Canon Mensual Arriendo Inmueble,2022-03-13,347000,77
398,1,2022-11-22 07:28:38.881708+00:00,1,Canon Mensual Arriendo Inmueble^2022-04-13_A6N-13N-62-S321^1996-08-13,A6N-13N-62-S321^1996-08-13,Canon Mensual Arriendo Inmueble,2022-04-13,347000,77
399,1,2022-11-22 07:28:38.881718+00:00,1,Canon Mensual Arriendo Inmueble^2022-05-13_A6N-13N-62-S321^1996-08-13,A6N-13N-62-S321^1996-08-13,Canon Mensual Arriendo Inmueble,2022-05-13,347000,77
400,1,2022-11-22 07:28:38.881728+00:00,1,Canon Mensual Arriendo Inmueble^2022-06-13_A6N-13N-62-S321^1996-08-13,A6N-13N-62-S321^1996-08-13,Canon Mensual Arriendo Inmueble,2022-06-13,347000,77
401,1,2022-11-22 07:28:38.881750+00:00,1,Canon Mensual Arriendo Inmueble^2022-07-13_A6N-13N-62-S321^1996-08-13,A6N-13N-62-S321^1996-08-13,Canon Mensual Arriendo Inmueble,2022-07-13,347000,77
402,1,2022-11-22 07:28:38.881762+00:00,1,Canon Mensual Arriendo Inmueble^2022-08-13_A6N-13N-62-S321^1996-08-13,A6N-13N-62-S321^1996-08-13,Canon Mensual Arriendo Inmueble,2022-08-13,372000,78
403,1,2022-11-22 07:28:38.881772+00:00,1,Canon Mensual Arriendo Inmueble^2022-09-13_A6N-13N-62-S321^1996-08-13,A6N-13N-62-S321^1996-08-13,Canon Mensual Arriendo Inmueble,2022-09-13,372000,78
404,1,2022-11-22 07:28:38.881782+00:00,1,Canon Mensual Arriendo Inmueble^2022-10-13_A6N-13N-62-S321^1996-08-13,A6N-13N-62-S321^1996-08-13,Canon Mensual Arriendo Inmueble,2022-10-13,372000,78
405,1,2022-11-22 07:28:38.881792+00:00,1,Canon Mensual Arriendo Inmueble^2022-01-01_A6N-13N-62-S322^2021-01-01,A6N-13N-62-S322^2021-01-01,Canon Mensual Arriendo Inmueble,2022-01-01,480000,79
406,1,2022-11-22 07:28:38.881802+00:00,1,Canon Mensual Arriendo Inmueble^2022-02-01_A6N-13N-62-S322^2021-01-01,A6N-13N-62-S322^2021-01-01,Canon Mensual Arriendo Inmueble,2022-02-01,480000,79
407,1,2022-11-22 07:28:38.881812+00:00,1,Canon Mensual Arriendo Inmueble^2022-03-01_A6N-13N-62-S322^2021-01-01,A6N-13N-62-S322^2021-01-01,Canon Mensual Arriendo Inmueble,2022-03-01,480000,79
408,1,2022-11-22 07:28:38.881822+00:00,1,Canon Mensual Arriendo Inmueble^2022-04-01_A6N-13N-62-S322^2021-01-01,A6N-13N-62-S322^2021-01-01,Canon Mensual Arriendo Inmueble,2022-04-01,480000,79
409,1,2022-11-22 07:28:38.881832+00:00,1,Canon Mensual Arriendo Inmueble^2022-05-01_A6N-13N-62-S322^2021-01-01,A6N-13N-62-S322^2021-01-01,Canon Mensual Arriendo Inmueble,2022-05-01,480000,79
410,1,2022-11-22 07:28:38.881843+00:00,1,Canon Mensual Arriendo Inmueble^2022-06-01_A6N-13N-62-S322^2021-01-01,A6N-13N-62-S322^2021-01-01,Canon Mensual Arriendo Inmueble,2022-06-01,480000,79
411,1,2022-11-22 07:28:38.881853+00:00,1,Canon Mensual Arriendo Inmueble^2022-07-01_A6N-13N-62-S322^2021-01-01,A6N-13N-62-S322^2021-01-01,Canon Mensual Arriendo Inmueble,2022-07-01,480000,79
412,1,2022-11-22 07:28:38.881864+00:00,1,Canon Mensual Arriendo Inmueble^2022-08-01_A6N-13N-62-S322^2021-01-01,A6N-13N-62-S322^2021-01-01,Canon Mensual Arriendo Inmueble,2022-08-01,480000,79
413,1,2022-11-22 07:28:38.881875+00:00,1,Canon Mensual Arriendo Inmueble^2022-09-01_A6N-13N-62-S322^2021-01-01,A6N-13N-62-S322^2021-01-01,Canon Mensual Arriendo Inmueble,2022-09-01,480000,79
414,1,2022-11-22 07:28:38.881885+00:00,1,Canon Mensual Arriendo Inmueble^2022-10-01_A6N-13N-62-S322^2021-01-01,A6N-13N-62-S322^2021-01-01,Canon Mensual Arriendo Inmueble,2022-10-01,480000,79
415,1,2022-11-22 07:28:38.881895+00:00,1,Canon Mensual Arriendo Inmueble^2022-01-01_A6N-13N-66^2019-04-01,A6N-13N-66^2019-04-01,Canon Mensual Arriendo Inmueble,2022-01-01,730000,80
416,1,2022-11-22 07:28:38.881905+00:00,1,Canon Mensual Arriendo Inmueble^2022-02-01_A6N-13N-66^2019-04-01,A6N-13N-66^2019-04-01,Canon Mensual Arriendo Inmueble,2022-02-01,730000,80
417,1,2022-11-22 07:28:38.881914+00:00,1,Canon Mensual Arriendo Inmueble^2022-03-01_A6N-13N-66^2019-04-01,A6N-13N-66^2019-04-01,Canon Mensual Arriendo Inmueble,2022-03-01,730000,80
418,1,2022-11-22 07:28:38.881924+00:00,1,Canon Mensual Arriendo Inmueble^2022-04-01_A6N-13N-66^2019-04-01,A6N-13N-66^2019-04-01,Canon Mensual Arriendo Inmueble,2022-04-01,790000,81
419,1,2022-11-22 07:28:38.881934+00:00,1,Canon Mensual Arriendo Inmueble^2022-05-01_A6N-13N-66^2019-04-01,A6N-13N-66^2019-04-01,Canon Mensual Arriendo Inmueble,2022-05-01,790000,81
420,1,2022-11-22 07:28:38.881945+00:00,1,Canon Mensual Arriendo Inmueble^2022-06-01_A6N-13N-66^2019-04-01,A6N-13N-66^2019-04-01,Canon Mensual Arriendo Inmueble,2022-06-01,790000,81
421,1,2022-11-22 07:28:38.881954+00:00,1,Canon Mensual Arriendo Inmueble^2022-07-01_A6N-13N-66^2019-04-01,A6N-13N-66^2019-04-01,Canon Mensual Arriendo Inmueble,2022-07-01,790000,81
422,1,2022-11-22 07:28:38.881964+00:00,1,Canon Mensual Arriendo Inmueble^2022-08-01_A6N-13N-66^2019-04-01,A6N-13N-66^2019-04-01,Canon Mensual Arriendo Inmueble,2022-08-01,790000,81
423,1,2022-11-22 07:28:38.881974+00:00,1,Canon Mensual Arriendo Inmueble^2022-09-01_A6N-13N-66^2019-04-01,A6N-13N-66^2019-04-01,Canon Mensual Arriendo Inmueble,2022-09-01,790000,81
424,1,2022-11-22 07:28:38.881984+00:00,1,Canon Mensual Arriendo Inmueble^2022-10-01_A6N-13N-66^2019-04-01,A6N-13N-66^2019-04-01,Canon Mensual Arriendo Inmueble,2022-10-01,790000,81
425,1,2022-11-22 07:28:38.881994+00:00,1,Canon Mensual Arriendo Inmueble^2022-01-01_A6N-13N-68^1999-02-01,A6N-13N-68^1999-02-01,Canon Mensual Arriendo Inmueble,2022-01-01,2600000,82
426,1,2022-11-22 07:28:38.882005+00:00,1,Canon Mensual Arriendo Inmueble^2022-02-01_A6N-13N-68^1999-02-01,A6N-13N-68^1999-02-01,Canon Mensual Arriendo Inmueble,2022-02-01,2720000,83
427,1,2022-11-22 07:28:38.882015+00:00,1,Canon Mensual Arriendo Inmueble^2022-03-01_A6N-13N-68^1999-02-01,A6N-13N-68^1999-02-01,Canon Mensual Arriendo Inmueble,2022-03-01,2720000,83
428,1,2022-11-22 07:28:38.882026+00:00,1,Canon Mensual Arriendo Inmueble^2022-04-01_A6N-13N-68^1999-02-01,A6N-13N-68^1999-02-01,Canon Mensual Arriendo Inmueble,2022-04-01,2720000,83
429,1,2022-11-22 07:28:38.882036+00:00,1,Canon Mensual Arriendo Inmueble^2022-05-01_A6N-13N-68^1999-02-01,A6N-13N-68^1999-02-01,Canon Mensual Arriendo Inmueble,2022-05-01,2720000,83
430,1,2022-11-22 07:28:38.882045+00:00,1,Canon Mensual Arriendo Inmueble^2022-06-01_A6N-13N-68^1999-02-01,A6N-13N-68^1999-02-01,Canon Mensual Arriendo Inmueble,2022-06-01,2720000,83
431,1,2022-11-22 07:28:38.882055+00:00,1,Canon Mensual Arriendo Inmueble^2022-07-01_A6N-13N-68^1999-02-01,A6N-13N-68^1999-02-01,Canon Mensual Arriendo Inmueble,2022-07-01,2720000,83
432,1,2022-11-22 07:28:38.882065+00:00,1,Canon Mensual Arriendo Inmueble^2022-08-01_A6N-13N-68^1999-02-01,A6N-13N-68^1999-02-01,Canon Mensual Arriendo Inmueble,2022-08-01,2720000,83
433,1,2022-11-22 07:28:38.882075+00:00,1,Canon Mensual Arriendo Inmueble^2022-09-01_A6N-13N-68^1999-02-01,A6N-13N-68^1999-02-01,Canon Mensual Arriendo Inmueble,2022-09-01,2720000,83
434,1,2022-11-22 07:28:38.882085+00:00,1,Canon Mensual Arriendo Inmueble^2022-10-01_A6N-13N-68^1999-02-01,A6N-13N-68^1999-02-01,Canon Mensual Arriendo Inmueble,2022-10-01,2720000,83
435,1,2022-11-22 07:28:38.882096+00:00,1,Canon Mensual Arriendo Inmueble^2022-09-17_A6N-13N-62-S301^2022-10-01,A6N-13N-62-S301^2022-10-01,Canon Mensual Arriendo Inmueble,2022-09-17,415333,84
436,1,2022-11-22 07:28:38.882106+00:00,1,Canon Mensual Arriendo Inmueble^2022-10-01_A6N-13N-62-S301^2022-10-01,A6N-13N-62-S301^2022-10-01,Canon Mensual Arriendo Inmueble,2022-10-01,890000,84
437,1,2022-11-22 07:28:38.882117+00:00,1,Canon Mensual Arriendo Inmueble^2022-09-22_A6N-13N-62-S202^2022-10-01,A6N-13N-62-S202^2022-10-01,Canon Mensual Arriendo Inmueble,2022-09-22,210000,85
438,1,2022-11-22 07:28:38.882127+00:00,1,Canon Mensual Arriendo Inmueble^2022-10-01_A6N-13N-62-S202^2022-10-01,A6N-13N-62-S202^2022-10-01,Canon Mensual Arriendo Inmueble,2022-10-01,700000,85
439,1,2022-11-22 07:28:38.882137+00:00,1,Canon Mensual Arriendo Inmueble^2021-12-01_K1-17-57^2001-09-01,K1-17-57^2001-09-01,Canon Mensual Arriendo Inmueble,2021-12-01,2450000,87
440,1,2022-11-22 07:28:38.882147+00:00,1,Canon Mensual Arriendo Inmueble^2022-01-01_K1-17-57^2001-09-01,K1-17-57^2001-09-01,Canon Mensual Arriendo Inmueble,2022-01-01,2450000,87
441,1,2022-11-22 07:28:38.882157+00:00,1,Canon Mensual Arriendo Inmueble^2022-02-01_K1-17-57^2001-09-01,K1-17-57^2001-09-01,Canon Mensual Arriendo Inmueble,2022-02-01,2450000,87
442,1,2022-11-22 07:28:38.882167+00:00,1,Canon Mensual Arriendo Inmueble^2022-03-01_K1-17-57^2001-09-01,K1-17-57^2001-09-01,Canon Mensual Arriendo Inmueble,2022-03-01,2450000,87
443,1,2022-11-22 07:28:38.882177+00:00,1,Canon Mensual Arriendo Inmueble^2022-04-01_K1-17-57^2001-09-01,K1-17-57^2001-09-01,Canon Mensual Arriendo Inmueble,2022-04-01,2450000,87
444,1,2022-11-22 07:28:38.883436+00:00,1,Canon Mensual Arriendo Inmueble^2022-05-01_K1-17-57^2001-09-01,K1-17-57^2001-09-01,Canon Mensual Arriendo Inmueble,2022-05-01,2450000,87
445,1,2022-11-22 07:28:38.883459+00:00,1,Canon Mensual Arriendo Inmueble^2022-06-01_K1-17-57^2001-09-01,K1-17-57^2001-09-01,Canon Mensual Arriendo Inmueble,2022-06-01,2450000,87
446,1,2022-11-22 07:28:38.883472+00:00,1,Canon Mensual Arriendo Inmueble^2022-07-01_K1-17-57^2001-09-01,K1-17-57^2001-09-01,Canon Mensual Arriendo Inmueble,2022-07-01,2450000,87
447,1,2022-11-22 07:28:38.883483+00:00,1,Canon Mensual Arriendo Inmueble^2022-08-01_K1-17-57^2001-09-01,K1-17-57^2001-09-01,Canon Mensual Arriendo Inmueble,2022-08-01,2450000,87
448,1,2022-11-22 07:28:38.883493+00:00,1,Canon Mensual Arriendo Inmueble^2022-09-01_K1-17-57^2001-09-01,K1-17-57^2001-09-01,Canon Mensual Arriendo Inmueble,2022-09-01,2730000,88
449,1,2022-11-22 07:28:38.883503+00:00,1,Canon Mensual Arriendo Inmueble^2022-10-01_K1-17-57^2001-09-01,K1-17-57^2001-09-01,Canon Mensual Arriendo Inmueble,2022-10-01,2730000,88
450,1,2022-11-22 07:28:38.883514+00:00,1,Canon Mensual Arriendo Inmueble^2022-01-01_K1-17-53^2017-06-01,K1-17-53^2017-06-01,Canon Mensual Arriendo Inmueble,2022-01-01,1635000,90
451,1,2022-11-22 07:28:38.883524+00:00,1,Canon Mensual Arriendo Inmueble^2022-02-01_K1-17-53^2017-06-01,K1-17-53^2017-06-01,Canon Mensual Arriendo Inmueble,2022-02-01,1635000,90
452,1,2022-11-22 07:28:38.883534+00:00,1,Canon Mensual Arriendo Inmueble^2022-03-01_K1-17-53^2017-06-01,K1-17-53^2017-06-01,Canon Mensual Arriendo Inmueble,2022-03-01,1635000,90
453,1,2022-11-22 07:28:38.883544+00:00,1,Canon Mensual Arriendo Inmueble^2022-04-01_K1-17-53^2017-06-01,K1-17-53^2017-06-01,Canon Mensual Arriendo Inmueble,2022-04-01,1635000,90
454,1,2022-11-22 07:28:38.883554+00:00,1,Canon Mensual Arriendo Inmueble^2022-05-01_K1-17-53^2017-06-01,K1-17-53^2017-06-01,Canon Mensual Arriendo Inmueble,2022-05-01,1635000,90
455,1,2022-11-22 07:28:38.883565+00:00,1,Canon Mensual Arriendo Inmueble^2022-06-01_K1-17-53^2017-06-01,K1-17-53^2017-06-01,Canon Mensual Arriendo Inmueble,2022-06-01,1785000,92
456,1,2022-11-22 07:28:38.883575+00:00,1,Canon Mensual Arriendo Inmueble^2022-07-01_K1-17-53^2017-06-01,K1-17-53^2017-06-01,Canon Mensual Arriendo Inmueble,2022-07-01,1785000,92
457,1,2022-11-22 07:28:38.883585+00:00,1,Canon Mensual Arriendo Inmueble^2022-08-01_K1-17-53^2017-06-01,K1-17-53^2017-06-01,Canon Mensual Arriendo Inmueble,2022-08-01,1785000,92
458,1,2022-11-22 07:28:38.883596+00:00,1,Canon Mensual Arriendo Inmueble^2022-09-01_K1-17-53^2017-06-01,K1-17-53^2017-06-01,Canon Mensual Arriendo Inmueble,2022-09-01,1785000,92
459,1,2022-11-22 07:28:38.883606+00:00,1,Canon Mensual Arriendo Inmueble^2022-10-01_K1-17-53^2017-06-01,K1-17-53^2017-06-01,Canon Mensual Arriendo Inmueble,2022-10-01,1785000,92
460,1,2022-11-22 07:28:38.883616+00:00,1,Canon Mensual Arriendo Inmueble^2022-04-01_C18-1N-39^2022-03-01,C18-1N-39^2022-03-01,Canon Mensual Arriendo Inmueble,2022-04-01,1000000,93
461,1,2022-11-22 07:28:38.883626+00:00,1,Canon Mensual Arriendo Inmueble^2022-05-01_C18-1N-39^2022-03-01,C18-1N-39^2022-03-01,Canon Mensual Arriendo Inmueble,2022-05-01,1000000,93
462,1,2022-11-22 07:28:38.883637+00:00,1,Canon Mensual Arriendo Inmueble^2022-06-01_C18-1N-39^2022-03-01,C18-1N-39^2022-03-01,Canon Mensual Arriendo Inmueble,2022-06-01,1000000,93
463,1,2022-11-22 07:28:38.883647+00:00,1,Canon Mensual Arriendo Inmueble^2022-07-01_C18-1N-39^2022-03-01,C18-1N-39^2022-03-01,Canon Mensual Arriendo Inmueble,2022-07-01,1000000,93
464,1,2022-11-22 07:28:38.883657+00:00,1,Canon Mensual Arriendo Inmueble^2022-08-01_C18-1N-39^2022-03-01,C18-1N-39^2022-03-01,Canon Mensual Arriendo Inmueble,2022-08-01,1000000,93
465,1,2022-11-22 07:28:38.883667+00:00,1,Canon Mensual Arriendo Inmueble^2022-09-01_C18-1N-39^2022-03-01,C18-1N-39^2022-03-01,Canon Mensual Arriendo Inmueble,2022-09-01,1000000,93
466,1,2022-11-22 07:28:38.883677+00:00,1,Canon Mensual Arriendo Inmueble^2022-10-01_C18-1N-39^2022-03-01,C18-1N-39^2022-03-01,Canon Mensual Arriendo Inmueble,2022-10-01,1000000,93
467,1,2022-11-22 07:28:38.883688+00:00,1,Canon Mensual Arriendo Inmueble^2022-01-15_K1-17-43^2017-07-15,K1-17-43^2017-07-15,Canon Mensual Arriendo Inmueble,2022-01-15,1717000,95
468,1,2022-11-22 07:28:38.883697+00:00,1,Canon Mensual Arriendo Inmueble^2022-02-15_K1-17-43^2017-07-15,K1-17-43^2017-07-15,Canon Mensual Arriendo Inmueble,2022-02-15,1717000,95
469,1,2022-11-22 07:28:38.883707+00:00,1,Canon Mensual Arriendo Inmueble^2022-03-15_K1-17-43^2017-07-15,K1-17-43^2017-07-15,Canon Mensual Arriendo Inmueble,2022-03-15,1717000,95
470,1,2022-11-22 07:28:38.883718+00:00,1,Canon Mensual Arriendo Inmueble^2022-04-15_K1-17-43^2017-07-15,K1-17-43^2017-07-15,Canon Mensual Arriendo Inmueble,2022-04-15,1717000,95
471,1,2022-11-22 07:28:38.883728+00:00,1,Canon Mensual Arriendo Inmueble^2022-05-15_K1-17-43^2017-07-15,K1-17-43^2017-07-15,Canon Mensual Arriendo Inmueble,2022-05-15,1717000,95
472,1,2022-11-22 07:28:38.883754+00:00,1,Canon Mensual Arriendo Inmueble^2022-06-15_K1-17-43^2017-07-15,K1-17-43^2017-07-15,Canon Mensual Arriendo Inmueble,2022-06-15,1717000,95
473,1,2022-11-22 07:28:38.883766+00:00,1,Canon Mensual Arriendo Inmueble^2022-07-15_K1-17-43^2017-07-15,K1-17-43^2017-07-15,Canon Mensual Arriendo Inmueble,2022-07-15,1917000,96
474,1,2022-11-22 07:28:38.883776+00:00,1,Canon Mensual Arriendo Inmueble^2022-08-15_K1-17-43^2017-07-15,K1-17-43^2017-07-15,Canon Mensual Arriendo Inmueble,2022-08-15,1917000,96
475,1,2022-11-22 07:28:38.883787+00:00,1,Canon Mensual Arriendo Inmueble^2022-09-15_K1-17-43^2017-07-15,K1-17-43^2017-07-15,Canon Mensual Arriendo Inmueble,2022-09-15,1917000,96
476,1,2022-11-22 07:28:38.883799+00:00,1,Canon Mensual Arriendo Inmueble^2022-10-15_K1-17-43^2017-07-15,K1-17-43^2017-07-15,Canon Mensual Arriendo Inmueble,2022-10-15,1917000,96
477,1,2022-11-22 07:28:38.883810+00:00,1,Canon Mensual Arriendo Inmueble^2022-01-01_K1-17-47^2021-10-01,K1-17-47^2021-10-01,Canon Mensual Arriendo Inmueble,2022-01-01,1650000,97
478,1,2022-11-22 07:28:38.883820+00:00,1,Canon Mensual Arriendo Inmueble^2022-02-01_K1-17-47^2021-10-01,K1-17-47^2021-10-01,Canon Mensual Arriendo Inmueble,2022-02-01,1650000,97
479,1,2022-11-22 07:28:38.883830+00:00,1,Canon Mensual Arriendo Inmueble^2022-03-01_K1-17-47^2021-10-01,K1-17-47^2021-10-01,Canon Mensual Arriendo Inmueble,2022-03-01,1650000,97
480,1,2022-11-22 07:28:38.883841+00:00,1,Canon Mensual Arriendo Inmueble^2022-04-01_K1-17-47^2021-10-01,K1-17-47^2021-10-01,Canon Mensual Arriendo Inmueble,2022-04-01,1800000,98
481,1,2022-11-22 07:28:38.883852+00:00,1,Canon Mensual Arriendo Inmueble^2022-05-01_K1-17-47^2021-10-01,K1-17-47^2021-10-01,Canon Mensual Arriendo Inmueble,2022-05-01,1800000,98
482,1,2022-11-22 07:28:38.883871+00:00,1,Canon Mensual Arriendo Inmueble^2022-06-01_K1-17-47^2021-10-01,K1-17-47^2021-10-01,Canon Mensual Arriendo Inmueble,2022-06-01,1800000,98
483,1,2022-11-22 07:28:38.883886+00:00,1,Canon Mensual Arriendo Inmueble^2022-07-01_K1-17-47^2021-10-01,K1-17-47^2021-10-01,Canon Mensual Arriendo Inmueble,2022-07-01,1800000,98
484,1,2022-11-22 07:28:38.883898+00:00,1,Canon Mensual Arriendo Inmueble^2022-08-01_K1-17-47^2021-10-01,K1-17-47^2021-10-01,Canon Mensual Arriendo Inmueble,2022-08-01,1800000,98
485,1,2022-11-22 07:28:38.883908+00:00,1,Canon Mensual Arriendo Inmueble^2022-09-01_K1-17-47^2021-10-01,K1-17-47^2021-10-01,Canon Mensual Arriendo Inmueble,2022-09-01,1800000,98
486,1,2022-11-22 07:28:38.883919+00:00,1,Canon Mensual Arriendo Inmueble^2022-10-01_K1-17-47^2021-10-01,K1-17-47^2021-10-01,Canon Mensual Arriendo Inmueble,2022-10-01,1930000,99
487,1,2022-11-22 07:28:38.883929+00:00,1,Canon Mensual Arriendo Inmueble^2021-12-01_C18-1N-33^2021-10-01,C18-1N-33^2021-10-01,Canon Mensual Arriendo Inmueble,2021-12-01,950000,100
488,1,2022-11-22 07:28:38.883939+00:00,1,Canon Mensual Arriendo Inmueble^2022-01-01_C18-1N-33^2021-10-01,C18-1N-33^2021-10-01,Canon Mensual Arriendo Inmueble,2022-01-01,950000,100
489,1,2022-11-22 07:28:38.883950+00:00,1,Canon Mensual Arriendo Inmueble^2022-02-01_C18-1N-33^2021-10-01,C18-1N-33^2021-10-01,Canon Mensual Arriendo Inmueble,2022-02-01,950000,100
490,1,2022-11-22 07:28:38.883960+00:00,1,Canon Mensual Arriendo Inmueble^2022-03-01_C18-1N-33^2021-10-01,C18-1N-33^2021-10-01,Canon Mensual Arriendo Inmueble,2022-03-01,950000,100
491,1,2022-11-22 07:28:38.883970+00:00,1,Canon Mensual Arriendo Inmueble^2022-04-01_C18-1N-33^2021-10-01,C18-1N-33^2021-10-01,Canon Mensual Arriendo Inmueble,2022-04-01,950000,100
492,1,2022-11-22 07:28:38.883980+00:00,1,Canon Mensual Arriendo Inmueble^2022-05-01_C18-1N-33^2021-10-01,C18-1N-33^2021-10-01,Canon Mensual Arriendo Inmueble,2022-05-01,950000,100
493,1,2022-11-22 07:28:38.883990+00:00,1,Canon Mensual Arriendo Inmueble^2022-06-01_C18-1N-33^2021-10-01,C18-1N-33^2021-10-01,Canon Mensual Arriendo Inmueble,2022-06-01,950000,100
494,1,2022-11-22 07:28:38.884000+00:00,1,Canon Mensual Arriendo Inmueble^2022-07-01_C18-1N-33^2021-10-01,C18-1N-33^2021-10-01,Canon Mensual Arriendo Inmueble,2022-07-01,950000,100
495,1,2022-11-22 07:28:38.884011+00:00,1,Canon Mensual Arriendo Inmueble^2022-08-01_C18-1N-33^2021-10-01,C18-1N-33^2021-10-01,Canon Mensual Arriendo Inmueble,2022-08-01,950000,100
496,1,2022-11-22 07:28:38.884021+00:00,1,Canon Mensual Arriendo Inmueble^2022-09-01_C18-1N-33^2021-10-01,C18-1N-33^2021-10-01,Canon Mensual Arriendo Inmueble,2022-09-01,950000,100
497,1,2022-11-22 07:28:38.884031+00:00,1,Canon Mensual Arriendo Inmueble^2022-10-01_C18-1N-33^2021-10-01,C18-1N-33^2021-10-01,Canon Mensual Arriendo Inmueble,2022-10-01,1150000,101
498,1,2022-11-22 07:28:38.884041+00:00,1,Canon Mensual Arriendo Inmueble^2022-01-01_C18-1N-41^2021-02-01,C18-1N-41^2021-02-01,Canon Mensual Arriendo Inmueble,2022-01-01,2700000,103
499,1,2022-11-22 07:28:38.884051+00:00,1,Canon Mensual Arriendo Inmueble^2022-02-01_C18-1N-41^2021-02-01,C18-1N-41^2021-02-01,Canon Mensual Arriendo Inmueble,2022-02-01,2900000,105
500,1,2022-11-22 07:28:38.884062+00:00,1,Canon Mensual Arriendo Inmueble^2022-03-01_C18-1N-41^2021-02-01,C18-1N-41^2021-02-01,Canon Mensual Arriendo Inmueble,2022-03-01,2900000,105
501,1,2022-11-22 07:28:38.884072+00:00,1,Canon Mensual Arriendo Inmueble^2022-04-01_C18-1N-41^2021-02-01,C18-1N-41^2021-02-01,Canon Mensual Arriendo Inmueble,2022-04-01,2900000,105
502,1,2022-11-22 07:28:38.884082+00:00,1,Canon Mensual Arriendo Inmueble^2022-05-01_C18-1N-41^2021-02-01,C18-1N-41^2021-02-01,Canon Mensual Arriendo Inmueble,2022-05-01,2900000,105
503,1,2022-11-22 07:28:38.884092+00:00,1,Canon Mensual Arriendo Inmueble^2022-06-01_C18-1N-41^2021-02-01,C18-1N-41^2021-02-01,Canon Mensual Arriendo Inmueble,2022-06-01,2900000,105
504,1,2022-11-22 07:28:38.884103+00:00,1,Canon Mensual Arriendo Inmueble^2022-07-01_C18-1N-41^2021-02-01,C18-1N-41^2021-02-01,Canon Mensual Arriendo Inmueble,2022-07-01,2900000,105
505,1,2022-11-22 07:28:38.884113+00:00,1,Canon Mensual Arriendo Inmueble^2022-08-01_C18-1N-41^2021-02-01,C18-1N-41^2021-02-01,Canon Mensual Arriendo Inmueble,2022-08-01,2900000,105
506,1,2022-11-22 07:28:38.884123+00:00,1,Canon Mensual Arriendo Inmueble^2022-09-01_C18-1N-41^2021-02-01,C18-1N-41^2021-02-01,Canon Mensual Arriendo Inmueble,2022-09-01,2900000,105
507,1,2022-11-22 07:28:38.884133+00:00,1,Canon Mensual Arriendo Inmueble^2022-10-01_C18-1N-41^2021-02-01,C18-1N-41^2021-02-01,Canon Mensual Arriendo Inmueble,2022-10-01,2900000,105
508,1,2022-11-22 07:28:38.884143+00:00,1,Canon Mensual Arriendo Inmueble^2021-12-01_K1-17-37^2012-02-01,K1-17-37^2012-02-01,Canon Mensual Arriendo Inmueble,2021-12-01,1440000,107
509,1,2022-11-22 07:28:38.884153+00:00,1,Canon Mensual Arriendo Inmueble^2022-01-01_K1-17-37^2012-02-01,K1-17-37^2012-02-01,Canon Mensual Arriendo Inmueble,2022-01-01,1440000,107
510,1,2022-11-22 07:28:38.884163+00:00,1,Canon Mensual Arriendo Inmueble^2022-02-01_K1-17-37^2012-02-01,K1-17-37^2012-02-01,Canon Mensual Arriendo Inmueble,2022-02-01,1520000,108
511,1,2022-11-22 07:28:38.884173+00:00,1,Canon Mensual Arriendo Inmueble^2022-03-01_K1-17-37^2012-02-01,K1-17-37^2012-02-01,Canon Mensual Arriendo Inmueble,2022-03-01,1520000,108
512,1,2022-11-22 07:28:38.884184+00:00,1,Canon Mensual Arriendo Inmueble^2022-04-01_K1-17-37^2012-02-01,K1-17-37^2012-02-01,Canon Mensual Arriendo Inmueble,2022-04-01,1520000,108
513,1,2022-11-22 07:28:38.884194+00:00,1,Canon Mensual Arriendo Inmueble^2022-05-01_K1-17-37^2012-02-01,K1-17-37^2012-02-01,Canon Mensual Arriendo Inmueble,2022-05-01,1520000,108
514,1,2022-11-22 07:28:38.884204+00:00,1,Canon Mensual Arriendo Inmueble^2022-06-01_K1-17-37^2012-02-01,K1-17-37^2012-02-01,Canon Mensual Arriendo Inmueble,2022-06-01,1520000,108
515,1,2022-11-22 07:28:38.884214+00:00,1,Canon Mensual Arriendo Inmueble^2022-07-01_K1-17-37^2012-02-01,K1-17-37^2012-02-01,Canon Mensual Arriendo Inmueble,2022-07-01,1520000,108
516,1,2022-11-22 07:28:38.884224+00:00,1,Canon Mensual Arriendo Inmueble^2022-08-01_K1-17-37^2012-02-01,K1-17-37^2012-02-01,Canon Mensual Arriendo Inmueble,2022-08-01,1520000,108
517,1,2022-11-22 07:28:38.884234+00:00,1,Canon Mensual Arriendo Inmueble^2022-09-01_K1-17-37^2012-02-01,K1-17-37^2012-02-01,Canon Mensual Arriendo Inmueble,2022-09-01,1520000,108
518,1,2022-11-22 07:28:38.884244+00:00,1,Canon Mensual Arriendo Inmueble^2022-10-01_K1-17-37^2012-02-01,K1-17-37^2012-02-01,Canon Mensual Arriendo Inmueble,2022-10-01,1520000,108
